{"type":"FeatureCollection", "features": [
{"type":"Feature","geometry":null,"properties":{"TYP_CD":0,"STN_NAM":"","ATTACHEMEN":"","TYP_CD_DES":"MRT","STN_NAM_DE":"GALI BATU DEPOT"}},
{"type":"Feature","geometry":null,"properties":{"TYP_CD":0,"STN_NAM":"","ATTACHEMEN":"","TYP_CD_DES":"MRT","STN_NAM_DE":"HILLVIEW MRT STATION"}},
{"type":"Feature","geometry":null,"properties":{"TYP_CD":0,"STN_NAM":"","ATTACHEMEN":"","TYP_CD_DES":"MRT","STN_NAM_DE":"BEAUTY WORLD MRT STATION"}},
{"type":"Feature","geometry":null,"properties":{"TYP_CD":0,"STN_NAM":"","ATTACHEMEN":"","TYP_CD_DES":"MRT","STN_NAM_DE":"HUME MRT STATION"}},
{"type":"Feature","geometry":null,"properties":{"TYP_CD":0,"STN_NAM":"","ATTACHEMEN":"","TYP_CD_DES":"MRT","STN_NAM_DE":"BUKIT PANJANG MRT STATION"}},
{"type":"Feature","geometry":null,"properties":{"TYP_CD":0,"STN_NAM":"","ATTACHEMEN":"","TYP_CD_DES":"MRT","STN_NAM_DE":"CASHEW MRT STATION"}},
{"type":"Feature","geometry":null,"properties":{"TYP_CD":0,"STN_NAM":"","ATTACHEMEN":"","TYP_CD_DES":"MRT","STN_NAM_DE":"DHOBY GHAUT MRT STATION"}},
{"type":"Feature","geometry":null,"properties":{"TYP_CD":0,"STN_NAM":"","ATTACHEMEN":"","TYP_CD_DES":"MRT","STN_NAM_DE":"LAVENDER MRT STATION"}},
{"type":"Feature","geometry":null,"properties":{"TYP_CD":0,"STN_NAM":"","ATTACHEMEN":"","TYP_CD_DES":"LRT","STN_NAM_DE":"RENJONG LRT STATION"}},
{"type":"Feature","geometry":null,"properties":{"TYP_CD":0,"STN_NAM":"","ATTACHEMEN":"","TYP_CD_DES":"MRT","STN_NAM_DE":"DOVER MRT STATION"}},
{"type":"Feature","geometry":null,"properties":{"TYP_CD":0,"STN_NAM":"","ATTACHEMEN":"","TYP_CD_DES":"LRT","STN_NAM_DE":"PHOENIX LRT STATION"}},
{"type":"Feature","geometry":null,"properties":{"TYP_CD":0,"STN_NAM":"","ATTACHEMEN":"","TYP_CD_DES":"MRT","STN_NAM_DE":"ALJUNIED MRT STATION"}},
{"type":"Feature","geometry":null,"properties":{"TYP_CD":0,"STN_NAM":"","ATTACHEMEN":"","TYP_CD_DES":"LRT","STN_NAM_DE":"COVE LRT STATION"}},
{"type":"Feature","geometry":null,"properties":{"TYP_CD":0,"STN_NAM":"","ATTACHEMEN":"","TYP_CD_DES":"MRT","STN_NAM_DE":"PASIR RIS MRT STATION"}},
{"type":"Feature","geometry":null,"properties":{"TYP_CD":0,"STN_NAM":"","ATTACHEMEN":"","TYP_CD_DES":"MRT","STN_NAM_DE":"ADMIRALTY MRT STATION"}},
{"type":"Feature","geometry":null,"properties":{"TYP_CD":0,"STN_NAM":"","ATTACHEMEN":"","TYP_CD_DES":"MRT","STN_NAM_DE":"KEMBANGAN MRT STATION"}},
{"type":"Feature","geometry":null,"properties":{"TYP_CD":0,"STN_NAM":"","ATTACHEMEN":"","TYP_CD_DES":"LRT","STN_NAM_DE":"PUNGGOL POINT LRT STATION"}},
{"type":"Feature","geometry":null,"properties":{"TYP_CD":0,"STN_NAM":"","ATTACHEMEN":"","TYP_CD_DES":"MRT","STN_NAM_DE":"MARSILING MRT STATION"}},
{"type":"Feature","geometry":null,"properties":{"TYP_CD":0,"STN_NAM":"","ATTACHEMEN":"","TYP_CD_DES":"LRT","STN_NAM_DE":"COMPASSVALE LRT STATION"}},
{"type":"Feature","geometry":null,"properties":{"TYP_CD":0,"STN_NAM":"","ATTACHEMEN":"","TYP_CD_DES":"MRT","STN_NAM_DE":"KHATIB MRT STATION"}},
{"type":"Feature","geometry":null,"properties":{"TYP_CD":0,"STN_NAM":"","ATTACHEMEN":"","TYP_CD_DES":"LRT","STN_NAM_DE":"LAYAR LRT STATION"}},
{"type":"Feature","geometry":null,"properties":{"TYP_CD":0,"STN_NAM":"","ATTACHEMEN":"CC15_BSH STN.zip","TYP_CD_DES":"MRT","STN_NAM_DE":"BISHAN MRT STATION"}},
{"type":"Feature","geometry":null,"properties":{"TYP_CD":0,"STN_NAM":"","ATTACHEMEN":"CC14_LRC STN.zip","TYP_CD_DES":"MRT","STN_NAM_DE":"LORONG CHUAN MRT STATION"}},
{"type":"Feature","geometry":null,"properties":{"TYP_CD":0,"STN_NAM":"","ATTACHEMEN":"CC13_SER STN.zip","TYP_CD_DES":"MRT","STN_NAM_DE":"SERANGOON MRT STATION"}},
{"type":"Feature","geometry":null,"properties":{"TYP_CD":0,"STN_NAM":"","ATTACHEMEN":"CC12_BLY STN.zip","TYP_CD_DES":"MRT","STN_NAM_DE":"BARTLEY MRT STATION"}},
{"type":"Feature","geometry":null,"properties":{"TYP_CD":0,"STN_NAM":"","ATTACHEMEN":"CC11_TSG STN.zip","TYP_CD_DES":"MRT","STN_NAM_DE":"TAI SENG MRT STATION"}},
{"type":"Feature","geometry":null,"properties":{"TYP_CD":0,"STN_NAM":"","ATTACHEMEN":"","TYP_CD_DES":"MRT","STN_NAM_DE":"TAMPINES WEST MRT STATION"}},
{"type":"Feature","geometry":null,"properties":{"TYP_CD":0,"STN_NAM":"","ATTACHEMEN":"","TYP_CD_DES":"MRT","STN_NAM_DE":"TAMPINES MRT STATION"}},
{"type":"Feature","geometry":null,"properties":{"TYP_CD":0,"STN_NAM":"","ATTACHEMEN":"","TYP_CD_DES":"MRT","STN_NAM_DE":"TAMPINES EAST MRT STATION"}},
{"type":"Feature","geometry":null,"properties":{"TYP_CD":0,"STN_NAM":"","ATTACHEMEN":"","TYP_CD_DES":"MRT","STN_NAM_DE":"TAI SENG FACILITY BUILDING"}},
{"type":"Feature","geometry":null,"properties":{"TYP_CD":0,"STN_NAM":"","ATTACHEMEN":"","TYP_CD_DES":"LRT","STN_NAM_DE":"SUMANG LRT STATION"}},
{"type":"Feature","geometry":null,"properties":{"TYP_CD":0,"STN_NAM":"","ATTACHEMEN":"","TYP_CD_DES":"MRT","STN_NAM_DE":"SUB STATION"}},
{"type":"Feature","geometry":null,"properties":{"TYP_CD":0,"STN_NAM":"","ATTACHEMEN":"","TYP_CD_DES":"MRT","STN_NAM_DE":"STEVENS MRT STATION"}},
{"type":"Feature","geometry":null,"properties":{"TYP_CD":0,"STN_NAM":"","ATTACHEMEN":"","TYP_CD_DES":"MRT","STN_NAM_DE":"SIXTH AVENUE MRT STATION"}},
{"type":"Feature","geometry":null,"properties":{"TYP_CD":0,"STN_NAM":"","ATTACHEMEN":"","TYP_CD_DES":"LRT","STN_NAM_DE":"SOUTH VIEW LRT STATION"}},
{"type":"Feature","geometry":null,"properties":{"TYP_CD":0,"STN_NAM":"","ATTACHEMEN":"","TYP_CD_DES":"LRT","STN_NAM_DE":"SOO TECK LRT STATION"}},
{"type":"Feature","geometry":null,"properties":{"TYP_CD":0,"STN_NAM":"","ATTACHEMEN":"","TYP_CD_DES":"MRT","STN_NAM_DE":"SOMERSET MRT STATION"}},
{"type":"Feature","geometry":null,"properties":{"TYP_CD":0,"STN_NAM":"","ATTACHEMEN":"","TYP_CD_DES":"MRT","STN_NAM_DE":"BRADDELL MRT STATION"}},
{"type":"Feature","geometry":null,"properties":{"TYP_CD":0,"STN_NAM":"","ATTACHEMEN":"","TYP_CD_DES":"MRT","STN_NAM_DE":"NOVENA MRT STATION"}},
{"type":"Feature","geometry":null,"properties":{"TYP_CD":0,"STN_NAM":"","ATTACHEMEN":"CC10_MPS STN.zip","TYP_CD_DES":"MRT","STN_NAM_DE":"MACPHERSON MRT STATION"}},
{"type":"Feature","geometry":null,"properties":{"TYP_CD":0,"STN_NAM":"","ATTACHEMEN":"C504_S_CGA_MAIN_A_R19_P2.zip","TYP_CD_DES":"MRT","STN_NAM_DE":"EXPO MRT STATION"}},
{"type":"Feature","geometry":null,"properties":{"TYP_CD":0,"STN_NAM":"","ATTACHEMEN":"C502_S_XPO_MAIN_A_R19_P2.zip","TYP_CD_DES":"MRT","STN_NAM_DE":"CHANGI AIRPORT MRT STATION"}},
{"type":"Feature","geometry":null,"properties":{"TYP_CD":0,"STN_NAM":"","ATTACHEMEN":"C306_S_SIM_MAIN_A_R19_P3.zip","TYP_CD_DES":"MRT","STN_NAM_DE":"SIMEI MRT STATION"}},
{"type":"Feature","geometry":null,"properties":{"TYP_CD":0,"STN_NAM":"","ATTACHEMEN":"C305_S_TNM_MAIN_A_R19_P3.zip","TYP_CD_DES":"MRT","STN_NAM_DE":"TANAH MERAH MRT STATION"}},
{"type":"Feature","geometry":null,"properties":{"TYP_CD":0,"STN_NAM":"","ATTACHEMEN":"","TYP_CD_DES":"MRT","STN_NAM_DE":"BEDOK MRT STATION"}},
{"type":"Feature","geometry":null,"properties":{"TYP_CD":0,"STN_NAM":"","ATTACHEMEN":"","TYP_CD_DES":"MRT","STN_NAM_DE":"REDHILL MRT STATION"}},
{"type":"Feature","geometry":null,"properties":{"TYP_CD":0,"STN_NAM":"","ATTACHEMEN":"","TYP_CD_DES":"LRT","STN_NAM_DE":"CORAL EDGE LRT STATION"}},
{"type":"Feature","geometry":null,"properties":{"TYP_CD":0,"STN_NAM":"","ATTACHEMEN":"","TYP_CD_DES":"MRT","STN_NAM_DE":"CLEMENTI MRT STATION"}},
{"type":"Feature","geometry":null,"properties":{"TYP_CD":0,"STN_NAM":"","ATTACHEMEN":"","TYP_CD_DES":"MRT","STN_NAM_DE":"BUKIT BATOK MRT STATION"}},
{"type":"Feature","geometry":null,"properties":{"TYP_CD":0,"STN_NAM":"","ATTACHEMEN":"","TYP_CD_DES":"LRT","STN_NAM_DE":"OASIS LRT STATION"}},
{"type":"Feature","geometry":null,"properties":{"TYP_CD":0,"STN_NAM":"","ATTACHEMEN":"","TYP_CD_DES":"LRT","STN_NAM_DE":"NIBONG LRT STATION"}},
{"type":"Feature","geometry":null,"properties":{"TYP_CD":0,"STN_NAM":"","ATTACHEMEN":"","TYP_CD_DES":"LRT","STN_NAM_DE":"MERIDIAN LRT STATION"}},
{"type":"Feature","geometry":null,"properties":{"TYP_CD":0,"STN_NAM":"","ATTACHEMEN":"","TYP_CD_DES":"MRT","STN_NAM_DE":"BUKIT GOMBAK MRT STATION"}},
{"type":"Feature","geometry":null,"properties":{"TYP_CD":0,"STN_NAM":"","ATTACHEMEN":"","TYP_CD_DES":"MRT","STN_NAM_DE":"EUNOS MRT STATION"}},
{"type":"Feature","geometry":null,"properties":{"TYP_CD":0,"STN_NAM":"","ATTACHEMEN":"","TYP_CD_DES":"MRT","STN_NAM_DE":"CHINESE GARDEN MRT STATION"}},
{"type":"Feature","geometry":null,"properties":{"TYP_CD":0,"STN_NAM":"","ATTACHEMEN":"","TYP_CD_DES":"LRT","STN_NAM_DE":"KADALOOR LRT STATION"}},
{"type":"Feature","geometry":null,"properties":{"TYP_CD":0,"STN_NAM":"","ATTACHEMEN":"","TYP_CD_DES":"LRT","STN_NAM_DE":"CHENG LIM LRT STATION"}},
{"type":"Feature","geometry":null,"properties":{"TYP_CD":0,"STN_NAM":"","ATTACHEMEN":"","TYP_CD_DES":"LRT","STN_NAM_DE":"SAM KEE LRT STATION"}},
{"type":"Feature","geometry":null,"properties":{"TYP_CD":0,"STN_NAM":"","ATTACHEMEN":"","TYP_CD_DES":"MRT","STN_NAM_DE":"KRANJI MRT STATION"}},
{"type":"Feature","geometry":null,"properties":{"TYP_CD":0,"STN_NAM":"","ATTACHEMEN":"","TYP_CD_DES":"MRT","STN_NAM_DE":"ANG MO KIO MRT STATION"}},
{"type":"Feature","geometry":null,"properties":{"TYP_CD":0,"STN_NAM":"","ATTACHEMEN":"","TYP_CD_DES":"LRT","STN_NAM_DE":"RIVIERA LRT STATION"}},
{"type":"Feature","geometry":null,"properties":{"TYP_CD":0,"STN_NAM":"","ATTACHEMEN":"","TYP_CD_DES":"LRT","STN_NAM_DE":"BUKIT PANJANG LRT DEPOT"}},
{"type":"Feature","geometry":null,"properties":{"TYP_CD":0,"STN_NAM":"","ATTACHEMEN":"","TYP_CD_DES":"LRT","STN_NAM_DE":"BANGKIT LRT STATION"}},
{"type":"Feature","geometry":null,"properties":{"TYP_CD":0,"STN_NAM":"","ATTACHEMEN":"NE1_HBF STN.zip","TYP_CD_DES":"MRT","STN_NAM_DE":"HARBOURFRONT MRT STATION"}},
{"type":"Feature","geometry":null,"properties":{"TYP_CD":0,"STN_NAM":"","ATTACHEMEN":"CE2_MRB STN.zip","TYP_CD_DES":"MRT","STN_NAM_DE":"MARINA BAY MRT STATION"}},
{"type":"Feature","geometry":null,"properties":{"TYP_CD":0,"STN_NAM":"","ATTACHEMEN":"CC9_PYL STN.zip","TYP_CD_DES":"MRT","STN_NAM_DE":"PAYA LEBAR MRT STATION"}},
{"type":"Feature","geometry":null,"properties":{"TYP_CD":0,"STN_NAM":"","ATTACHEMEN":"CC8_DKT STN.zip","TYP_CD_DES":"MRT","STN_NAM_DE":"DAKOTA MRT STATION"}},
{"type":"Feature","geometry":null,"properties":{"TYP_CD":0,"STN_NAM":"","ATTACHEMEN":"","TYP_CD_DES":"MRT","STN_NAM_DE":"KING ALBERT PARK MRT STATION"}},
{"type":"Feature","geometry":null,"properties":{"TYP_CD":0,"STN_NAM":"","ATTACHEMEN":"","TYP_CD_DES":"MRT","STN_NAM_DE":"LITTLE INDIA MRT STATION"}},
{"type":"Feature","geometry":null,"properties":{"TYP_CD":0,"STN_NAM":"","ATTACHEMEN":"","TYP_CD_DES":"MRT","STN_NAM_DE":"ROCHOR MRT STATION"}},
{"type":"Feature","geometry":null,"properties":{"TYP_CD":0,"STN_NAM":"","ATTACHEMEN":"","TYP_CD_DES":"LRT","STN_NAM_DE":"SENJA LRT STATION"}},
{"type":"Feature","geometry":null,"properties":{"TYP_CD":0,"STN_NAM":"","ATTACHEMEN":"","TYP_CD_DES":"MRT","STN_NAM_DE":"ULU PANDAN DEPOT"}},
{"type":"Feature","geometry":null,"properties":{"TYP_CD":0,"STN_NAM":"","ATTACHEMEN":"","TYP_CD_DES":"MRT","STN_NAM_DE":"CHOA CHU KANG MRT STATION"}},
{"type":"Feature","geometry":null,"properties":{"TYP_CD":0,"STN_NAM":"","ATTACHEMEN":"","TYP_CD_DES":"LRT","STN_NAM_DE":"SEGAR LRT STATION"}},
{"type":"Feature","geometry":null,"properties":{"TYP_CD":0,"STN_NAM":"","ATTACHEMEN":"CC6_SDM STN.zip","TYP_CD_DES":"MRT","STN_NAM_DE":"STADIUM MRT STATION"}},
{"type":"Feature","geometry":null,"properties":{"TYP_CD":0,"STN_NAM":"","ATTACHEMEN":"CC5_NCH STN.zip","TYP_CD_DES":"MRT","STN_NAM_DE":"NICOLL HIGHWAY MRT STATION"}},
{"type":"Feature","geometry":null,"properties":{"TYP_CD":0,"STN_NAM":"","ATTACHEMEN":"CC4_PMN STN.zip","TYP_CD_DES":"MRT","STN_NAM_DE":"PROMENADE MRT STATION"}},
{"type":"Feature","geometry":null,"properties":{"TYP_CD":0,"STN_NAM":"","ATTACHEMEN":"","TYP_CD_DES":"LRT","STN_NAM_DE":"SAMUDERA LRT STATION"}},
{"type":"Feature","geometry":null,"properties":{"TYP_CD":0,"STN_NAM":"","ATTACHEMEN":"","TYP_CD_DES":"LRT","STN_NAM_DE":"RANGGUNG LRT STATION"}},
{"type":"Feature","geometry":null,"properties":{"TYP_CD":0,"STN_NAM":"","ATTACHEMEN":"","TYP_CD_DES":"MRT","STN_NAM_DE":"SEMBAWANG MRT STATION"}},
{"type":"Feature","geometry":null,"properties":{"TYP_CD":0,"STN_NAM":"","ATTACHEMEN":"","TYP_CD_DES":"LRT","STN_NAM_DE":"PUNGGOL LRT STATION"}},
{"type":"Feature","geometry":null,"properties":{"TYP_CD":0,"STN_NAM":"","ATTACHEMEN":"","TYP_CD_DES":"LRT","STN_NAM_DE":"KANGKAR LRT STATION"}},
{"type":"Feature","geometry":null,"properties":{"TYP_CD":0,"STN_NAM":"","ATTACHEMEN":"","TYP_CD_DES":"MRT","STN_NAM_DE":"PAYA LEBAR MRT STATION"}},
{"type":"Feature","geometry":null,"properties":{"TYP_CD":0,"STN_NAM":"","ATTACHEMEN":"C301A_S_BGS_MAIN_A_R19_P2.zip","TYP_CD_DES":"MRT","STN_NAM_DE":"BUGIS MRT STATION"}},
{"type":"Feature","geometry":null,"properties":{"TYP_CD":0,"STN_NAM":"","ATTACHEMEN":"C109_S_OTP_MAIN_A_R19_P2.zip","TYP_CD_DES":"MRT","STN_NAM_DE":"OUTRAM PARK MRT STATION"}},
{"type":"Feature","geometry":null,"properties":{"TYP_CD":0,"STN_NAM":"","ATTACHEMEN":"C108_S_TPG_MAIN_A_R19_P2.zip","TYP_CD_DES":"MRT","STN_NAM_DE":"TANJONG PAGAR MRT STATION"}},
{"type":"Feature","geometry":null,"properties":{"TYP_CD":0,"STN_NAM":"","ATTACHEMEN":"CC16_MRM STN.zip","TYP_CD_DES":"MRT","STN_NAM_DE":"MARYMOUNT MRT STATION"}},
{"type":"Feature","geometry":null,"properties":{"TYP_CD":0,"STN_NAM":"","ATTACHEMEN":"NE9_BNK STN.zip","TYP_CD_DES":"MRT","STN_NAM_DE":"BOON KENG MRT STATION"}},
{"type":"Feature","geometry":null,"properties":{"TYP_CD":0,"STN_NAM":"","ATTACHEMEN":"NE8_FRP STN.zip","TYP_CD_DES":"MRT","STN_NAM_DE":"FARRER PARK MRT STATION"}},
{"type":"Feature","geometry":null,"properties":{"TYP_CD":0,"STN_NAM":"","ATTACHEMEN":"NE7_LTI STN.zip","TYP_CD_DES":"MRT","STN_NAM_DE":"LITTLE INDIA MRT STATION"}},
{"type":"Feature","geometry":null,"properties":{"TYP_CD":0,"STN_NAM":"","ATTACHEMEN":"NE6_DBG STN.zip","TYP_CD_DES":"MRT","STN_NAM_DE":"DHOBY GHAUT MRT STATION"}},
{"type":"Feature","geometry":null,"properties":{"TYP_CD":0,"STN_NAM":"","ATTACHEMEN":"NE5_CQY STN.zip","TYP_CD_DES":"MRT","STN_NAM_DE":"CLARKE QUAY MRT STATION"}},
{"type":"Feature","geometry":null,"properties":{"TYP_CD":0,"STN_NAM":"","ATTACHEMEN":"NE4_CNT STN.zip","TYP_CD_DES":"MRT","STN_NAM_DE":"CHINATOWN MRT STATION"}},
{"type":"Feature","geometry":null,"properties":{"TYP_CD":0,"STN_NAM":"","ATTACHEMEN":"","TYP_CD_DES":"MRT","STN_NAM_DE":"BENCOOLEN MRT STATION"}},
{"type":"Feature","geometry":null,"properties":{"TYP_CD":0,"STN_NAM":"","ATTACHEMEN":"","TYP_CD_DES":"MRT","STN_NAM_DE":"FORT CANNING MRT STATION"}},
{"type":"Feature","geometry":null,"properties":{"TYP_CD":0,"STN_NAM":"","ATTACHEMEN":"","TYP_CD_DES":"MRT","STN_NAM_DE":"KAKI BUKIT MRT STATION"}},
{"type":"Feature","geometry":null,"properties":{"TYP_CD":0,"STN_NAM":"","ATTACHEMEN":"","TYP_CD_DES":"MRT","STN_NAM_DE":"TAMPINES MRT STATION"}},
{"type":"Feature","geometry":null,"properties":{"TYP_CD":0,"STN_NAM":"","ATTACHEMEN":"","TYP_CD_DES":"MRT","STN_NAM_DE":"JALAN BESAR MRT STATION"}},
{"type":"Feature","geometry":null,"properties":{"TYP_CD":0,"STN_NAM":"","ATTACHEMEN":"","TYP_CD_DES":"MRT","STN_NAM_DE":"MATTAR MRT STATION"}},
{"type":"Feature","geometry":null,"properties":{"TYP_CD":0,"STN_NAM":"","ATTACHEMEN":"","TYP_CD_DES":"MRT","STN_NAM_DE":"BAYFRONT MRT STATION"}},
{"type":"Feature","geometry":null,"properties":{"TYP_CD":0,"STN_NAM":"","ATTACHEMEN":"","TYP_CD_DES":"MRT","STN_NAM_DE":"DHOBY GHAUT MRT STATION"}},
{"type":"Feature","geometry":null,"properties":{"TYP_CD":0,"STN_NAM":"","ATTACHEMEN":"","TYP_CD_DES":"MRT","STN_NAM_DE":"JURONG EAST MRT STATION"}},
{"type":"Feature","geometry":null,"properties":{"TYP_CD":0,"STN_NAM":"","ATTACHEMEN":"","TYP_CD_DES":"MRT","STN_NAM_DE":"BEDOK NORTH MRT STATION"}},
{"type":"Feature","geometry":null,"properties":{"TYP_CD":0,"STN_NAM":"","ATTACHEMEN":"","TYP_CD_DES":"MRT","STN_NAM_DE":"BEDOK RESERVOIR MRT STATION"}},
{"type":"Feature","geometry":null,"properties":{"TYP_CD":0,"STN_NAM":"","ATTACHEMEN":"","TYP_CD_DES":"MRT","STN_NAM_DE":"ORCHARD MRT STATION"}},
{"type":"Feature","geometry":null,"properties":{"TYP_CD":0,"STN_NAM":"","ATTACHEMEN":"","TYP_CD_DES":"MRT","STN_NAM_DE":"BUKIT BROWN MRT STATION"}},
{"type":"Feature","geometry":null,"properties":{"TYP_CD":0,"STN_NAM":"","ATTACHEMEN":"CC20_FRR STN.zip","TYP_CD_DES":"MRT","STN_NAM_DE":"FARRER ROAD MRT STATION"}},
{"type":"Feature","geometry":null,"properties":{"TYP_CD":0,"STN_NAM":"","ATTACHEMEN":"CC2_BBS STN.zip","TYP_CD_DES":"MRT","STN_NAM_DE":"BRAS BASAH MRT STATION"}},
{"type":"Feature","geometry":null,"properties":{"TYP_CD":0,"STN_NAM":"","ATTACHEMEN":"CC19_BTN STN.zip","TYP_CD_DES":"MRT","STN_NAM_DE":"BOTANIC GARDENS MRT STATION"}},
{"type":"Feature","geometry":null,"properties":{"TYP_CD":0,"STN_NAM":"","ATTACHEMEN":"CC17_CDT STN.zip","TYP_CD_DES":"MRT","STN_NAM_DE":"CALDECOTT MRT STATION"}},
{"type":"Feature","geometry":null,"properties":{"TYP_CD":0,"STN_NAM":"","ATTACHEMEN":"","TYP_CD_DES":"MRT","STN_NAM_DE":"LENTOR MRT STATION"}},
{"type":"Feature","geometry":null,"properties":{"TYP_CD":0,"STN_NAM":"","ATTACHEMEN":"","TYP_CD_DES":"MRT","STN_NAM_DE":"PIONEER MRT STATION"}},
{"type":"Feature","geometry":null,"properties":{"TYP_CD":0,"STN_NAM":"","ATTACHEMEN":"","TYP_CD_DES":"MRT","STN_NAM_DE":"NEWTON MRT STATION"}},
{"type":"Feature","geometry":null,"properties":{"TYP_CD":0,"STN_NAM":"","ATTACHEMEN":"","TYP_CD_DES":"LRT","STN_NAM_DE":"SENGKANG LRT DEPOT"}},
{"type":"Feature","geometry":null,"properties":{"TYP_CD":0,"STN_NAM":"","ATTACHEMEN":"","TYP_CD_DES":"MRT","STN_NAM_DE":"BUONA VISTA MRT STATION"}},
{"type":"Feature","geometry":null,"properties":{"TYP_CD":0,"STN_NAM":"","ATTACHEMEN":"","TYP_CD_DES":"MRT","STN_NAM_DE":"MARINA BAY MRT STATION"}},
{"type":"Feature","geometry":null,"properties":{"TYP_CD":0,"STN_NAM":"","ATTACHEMEN":"","TYP_CD_DES":"MRT","STN_NAM_DE":"RAFFLES PLACE MRT STATION"}},
{"type":"Feature","geometry":null,"properties":{"TYP_CD":0,"STN_NAM":"","ATTACHEMEN":"NE3_OTP STN.zip","TYP_CD_DES":"MRT","STN_NAM_DE":"OUTRAM PARK MRT STATION"}},
{"type":"Feature","geometry":null,"properties":{"TYP_CD":0,"STN_NAM":"","ATTACHEMEN":"NE17_PGL STN.zip","TYP_CD_DES":"MRT","STN_NAM_DE":"PUNGGOL MRT STATION"}},
{"type":"Feature","geometry":null,"properties":{"TYP_CD":0,"STN_NAM":"","ATTACHEMEN":"NE16_SKG STN.zip","TYP_CD_DES":"MRT","STN_NAM_DE":"SENGKANG MRT STATION"}},
{"type":"Feature","geometry":null,"properties":{"TYP_CD":0,"STN_NAM":"","ATTACHEMEN":"NE15_BGK STN.zip","TYP_CD_DES":"MRT","STN_NAM_DE":"BUANGKOK MRT STATION"}},
{"type":"Feature","geometry":null,"properties":{"TYP_CD":0,"STN_NAM":"","ATTACHEMEN":"","TYP_CD_DES":"MRT","STN_NAM_DE":"KIM CHUAN DEPOT"}},
{"type":"Feature","geometry":null,"properties":{"TYP_CD":0,"STN_NAM":"","ATTACHEMEN":"","TYP_CD_DES":"MRT","STN_NAM_DE":"TUAS CRESCENT MRT STATION"}},
{"type":"Feature","geometry":null,"properties":{"TYP_CD":0,"STN_NAM":"","ATTACHEMEN":"","TYP_CD_DES":"MRT","STN_NAM_DE":"TUAS LINK MRT STATION"}},
{"type":"Feature","geometry":null,"properties":{"TYP_CD":0,"STN_NAM":"","ATTACHEMEN":"","TYP_CD_DES":"MRT","STN_NAM_DE":"TUAS WEST ROAD MRT STATION"}},
{"type":"Feature","geometry":null,"properties":{"TYP_CD":0,"STN_NAM":"","ATTACHEMEN":"","TYP_CD_DES":"MRT","STN_NAM_DE":"BOTANIC GARDENS MRT STATION"}},
{"type":"Feature","geometry":null,"properties":{"TYP_CD":0,"STN_NAM":"","ATTACHEMEN":"","TYP_CD_DES":"MRT","STN_NAM_DE":"PROMENADE MRT STATION"}},
{"type":"Feature","geometry":null,"properties":{"TYP_CD":0,"STN_NAM":"","ATTACHEMEN":"","TYP_CD_DES":"MRT","STN_NAM_DE":"CITY HALL MRT STATION"}},
{"type":"Feature","geometry":null,"properties":{"TYP_CD":0,"STN_NAM":"","ATTACHEMEN":"","TYP_CD_DES":"MRT","STN_NAM_DE":"BISHAN MRT STATION"}},
{"type":"Feature","geometry":null,"properties":{"TYP_CD":0,"STN_NAM":"","ATTACHEMEN":"","TYP_CD_DES":"MRT","STN_NAM_DE":"SENGKANG MRT DEPOT"}},
{"type":"Feature","geometry":null,"properties":{"TYP_CD":0,"STN_NAM":"","ATTACHEMEN":"","TYP_CD_DES":"MRT","STN_NAM_DE":"EXPO MRT STATION"}},
{"type":"Feature","geometry":null,"properties":{"TYP_CD":0,"STN_NAM":"","ATTACHEMEN":"","TYP_CD_DES":"LRT","STN_NAM_DE":"FERNVALE LRT STATION"}},
{"type":"Feature","geometry":null,"properties":{"TYP_CD":0,"STN_NAM":"","ATTACHEMEN":"","TYP_CD_DES":"MRT","STN_NAM_DE":"CHANGI DEPOT"}},
{"type":"Feature","geometry":null,"properties":{"TYP_CD":0,"STN_NAM":"","ATTACHEMEN":"","TYP_CD_DES":"LRT","STN_NAM_DE":"BAKAU LRT STATION"}},
{"type":"Feature","geometry":null,"properties":{"TYP_CD":0,"STN_NAM":"","ATTACHEMEN":"","TYP_CD_DES":"LRT","STN_NAM_DE":"FARMWAY LRT STATION"}},
{"type":"Feature","geometry":null,"properties":{"TYP_CD":0,"STN_NAM":"","ATTACHEMEN":"","TYP_CD_DES":"MRT","STN_NAM_DE":"COMMONWEALTH MRT STATION"}},
{"type":"Feature","geometry":null,"properties":{"TYP_CD":0,"STN_NAM":"","ATTACHEMEN":"","TYP_CD_DES":"LRT","STN_NAM_DE":"KUPANG LRT STATION"}},
{"type":"Feature","geometry":null,"properties":{"TYP_CD":0,"STN_NAM":"","ATTACHEMEN":"","TYP_CD_DES":"LRT","STN_NAM_DE":"DAMAI LRT STATION"}},
{"type":"Feature","geometry":null,"properties":{"TYP_CD":0,"STN_NAM":"","ATTACHEMEN":"","TYP_CD_DES":"MRT","STN_NAM_DE":"QUEENSTOWN MRT STATION"}},
{"type":"Feature","geometry":null,"properties":{"TYP_CD":0,"STN_NAM":"","ATTACHEMEN":"","TYP_CD_DES":"MRT","STN_NAM_DE":"KALLANG MRT STATION"}},
{"type":"Feature","geometry":null,"properties":{"TYP_CD":0,"STN_NAM":"","ATTACHEMEN":"","TYP_CD_DES":"LRT","STN_NAM_DE":"RUMBIA LRT STATION"}},
{"type":"Feature","geometry":null,"properties":{"TYP_CD":0,"STN_NAM":"","ATTACHEMEN":"","TYP_CD_DES":"LRT","STN_NAM_DE":"PETIR LRT STATION"}},
{"type":"Feature","geometry":null,"properties":{"TYP_CD":0,"STN_NAM":"","ATTACHEMEN":"","TYP_CD_DES":"MRT","STN_NAM_DE":"BOON LAY MRT STATION"}},
{"type":"Feature","geometry":null,"properties":{"TYP_CD":0,"STN_NAM":"","ATTACHEMEN":"","TYP_CD_DES":"LRT","STN_NAM_DE":"KEAT HONG LRT STATION"}},
{"type":"Feature","geometry":null,"properties":{"TYP_CD":0,"STN_NAM":"","ATTACHEMEN":"","TYP_CD_DES":"LRT","STN_NAM_DE":"JELAPANG LRT STATION"}},
{"type":"Feature","geometry":null,"properties":{"TYP_CD":0,"STN_NAM":"","ATTACHEMEN":"","TYP_CD_DES":"LRT","STN_NAM_DE":"CHOA CHU KANG LRT STATION"}},
{"type":"Feature","geometry":null,"properties":{"TYP_CD":0,"STN_NAM":"","ATTACHEMEN":"","TYP_CD_DES":"LRT","STN_NAM_DE":"SENGKANG LRT STATION"}},
{"type":"Feature","geometry":null,"properties":{"TYP_CD":0,"STN_NAM":"","ATTACHEMEN":"","TYP_CD_DES":"LRT","STN_NAM_DE":"PENDING LRT STATION"}},
{"type":"Feature","geometry":null,"properties":{"TYP_CD":0,"STN_NAM":"","ATTACHEMEN":"NE14_HGN STN.zip","TYP_CD_DES":"MRT","STN_NAM_DE":"HOUGANG MRT STATION"}},
{"type":"Feature","geometry":null,"properties":{"TYP_CD":0,"STN_NAM":"","ATTACHEMEN":"NE13_KVN STN.zip","TYP_CD_DES":"MRT","STN_NAM_DE":"KOVAN MRT STATION"}},
{"type":"Feature","geometry":null,"properties":{"TYP_CD":0,"STN_NAM":"","ATTACHEMEN":"NE12_SER STN.zip","TYP_CD_DES":"MRT","STN_NAM_DE":"SERANGOON MRT STATION"}},
{"type":"Feature","geometry":null,"properties":{"TYP_CD":0,"STN_NAM":"","ATTACHEMEN":"NE11_WHL STN.zip","TYP_CD_DES":"MRT","STN_NAM_DE":"WOODLEIGH MRT STATION"}},
{"type":"Feature","geometry":null,"properties":{"TYP_CD":0,"STN_NAM":"","ATTACHEMEN":"NE10_PTP STN.zip","TYP_CD_DES":"MRT","STN_NAM_DE":"POTONG PASIR MRT STATION"}},
{"type":"Feature","geometry":null,"properties":{"TYP_CD":0,"STN_NAM":"","ATTACHEMEN":"","TYP_CD_DES":"MRT","STN_NAM_DE":"BISHAN DEPOT"}},
{"type":"Feature","geometry":null,"properties":{"TYP_CD":0,"STN_NAM":"","ATTACHEMEN":"","TYP_CD_DES":"LRT","STN_NAM_DE":"BUKIT PANJANG LRT STATION"}},
{"type":"Feature","geometry":null,"properties":{"TYP_CD":0,"STN_NAM":"","ATTACHEMEN":"","TYP_CD_DES":"LRT","STN_NAM_DE":"FAJAR LRT STATION"}},
{"type":"Feature","geometry":null,"properties":{"TYP_CD":0,"STN_NAM":"","ATTACHEMEN":"","TYP_CD_DES":"MRT","STN_NAM_DE":"BUGIS MRT STATION"}},
{"type":"Feature","geometry":null,"properties":{"TYP_CD":0,"STN_NAM":"","ATTACHEMEN":"CC29_HBF STN.zip","TYP_CD_DES":"MRT","STN_NAM_DE":"HARBOURFRONT MRT STATION"}},
{"type":"Feature","geometry":null,"properties":{"TYP_CD":0,"STN_NAM":"","ATTACHEMEN":"CC28_TLB STN.zip","TYP_CD_DES":"MRT","STN_NAM_DE":"TELOK BLANGAH MRT STATION"}},
{"type":"Feature","geometry":null,"properties":{"TYP_CD":0,"STN_NAM":"","ATTACHEMEN":"CC27_LBD STN.zip","TYP_CD_DES":"MRT","STN_NAM_DE":"LABRADOR PARK MRT STATION"}},
{"type":"Feature","geometry":null,"properties":{"TYP_CD":0,"STN_NAM":"","ATTACHEMEN":"CC26_PPJ STN.zip","TYP_CD_DES":"MRT","STN_NAM_DE":"PASIR PANJANG MRT STATION"}},
{"type":"Feature","geometry":null,"properties":{"TYP_CD":0,"STN_NAM":"","ATTACHEMEN":"CC25_HPV STN.zip","TYP_CD_DES":"MRT","STN_NAM_DE":"HAW PAR VILLA MRT STATION"}},
{"type":"Feature","geometry":null,"properties":{"TYP_CD":0,"STN_NAM":"","ATTACHEMEN":"CC24_KRG STN.zip","TYP_CD_DES":"MRT","STN_NAM_DE":"KENT RIDGE MRT STATION"}},
{"type":"Feature","geometry":null,"properties":{"TYP_CD":0,"STN_NAM":"","ATTACHEMEN":"CC23_ONH STN.zip","TYP_CD_DES":"MRT","STN_NAM_DE":"ONE-NORTH MRT STATION"}},
{"type":"Feature","geometry":null,"properties":{"TYP_CD":0,"STN_NAM":"","ATTACHEMEN":"CC22_BNV STN.zip","TYP_CD_DES":"MRT","STN_NAM_DE":"BUONA VISTA MRT STATION"}},
{"type":"Feature","geometry":null,"properties":{"TYP_CD":0,"STN_NAM":"","ATTACHEMEN":"CC21_HLV STN.zip","TYP_CD_DES":"MRT","STN_NAM_DE":"HOLLAND VILLAGE MRT STATION"}},
{"type":"Feature","geometry":null,"properties":{"TYP_CD":0,"STN_NAM":"","ATTACHEMEN":"","TYP_CD_DES":"MRT","STN_NAM_DE":"BOCC"}},
{"type":"Feature","geometry":null,"properties":{"TYP_CD":0,"STN_NAM":"","ATTACHEMEN":"","TYP_CD_DES":"MRT","STN_NAM_DE":"NEWTON MRT STATION"}},
{"type":"Feature","geometry":null,"properties":{"TYP_CD":0,"STN_NAM":"","ATTACHEMEN":"","TYP_CD_DES":"MRT","STN_NAM_DE":"HALIFAX SUB STATION CABLE TROUGH"}},
{"type":"Feature","geometry":null,"properties":{"TYP_CD":0,"STN_NAM":"","ATTACHEMEN":"","TYP_CD_DES":"MRT","STN_NAM_DE":"CHINATOWN MRT STATION"}},
{"type":"Feature","geometry":null,"properties":{"TYP_CD":0,"STN_NAM":"","ATTACHEMEN":"","TYP_CD_DES":"MRT","STN_NAM_DE":"DOWNTOWN MRT STATION"}},
{"type":"Feature","geometry":null,"properties":{"TYP_CD":0,"STN_NAM":"","ATTACHEMEN":"","TYP_CD_DES":"MRT","STN_NAM_DE":"GEYLANG BAHRU MRT STATION"}},
{"type":"Feature","geometry":null,"properties":{"TYP_CD":0,"STN_NAM":"","ATTACHEMEN":"","TYP_CD_DES":"MRT","STN_NAM_DE":"BENDEMEER MRT STATION"}},
{"type":"Feature","geometry":null,"properties":{"TYP_CD":0,"STN_NAM":"","ATTACHEMEN":"","TYP_CD_DES":"MRT","STN_NAM_DE":"JOO KOON MRT STATION"}},
{"type":"Feature","geometry":null,"properties":{"TYP_CD":0,"STN_NAM":"","ATTACHEMEN":"","TYP_CD_DES":"MRT","STN_NAM_DE":"YEW TEE MRT STATION"}},
{"type":"Feature","geometry":null,"properties":{"TYP_CD":0,"STN_NAM":"","ATTACHEMEN":"","TYP_CD_DES":"MRT","STN_NAM_DE":"YISHUN MRT STATION"}},
{"type":"Feature","geometry":null,"properties":{"TYP_CD":0,"STN_NAM":"","ATTACHEMEN":"","TYP_CD_DES":"MRT","STN_NAM_DE":"YIO CHU KANG MRT STATION"}},
{"type":"Feature","geometry":null,"properties":{"TYP_CD":0,"STN_NAM":"","ATTACHEMEN":"","TYP_CD_DES":"MRT","STN_NAM_DE":"WOODLANDS MRT STATION"}},
{"type":"Feature","geometry":null,"properties":{"TYP_CD":0,"STN_NAM":"","ATTACHEMEN":"","TYP_CD_DES":"MRT","STN_NAM_DE":"UPPER CHANGI MRT STATION"}},
{"type":"Feature","geometry":null,"properties":{"TYP_CD":0,"STN_NAM":"","ATTACHEMEN":"","TYP_CD_DES":"MRT","STN_NAM_DE":"TELOK AYER MRT STATION"}},
{"type":"Feature","geometry":null,"properties":{"TYP_CD":0,"STN_NAM":"","ATTACHEMEN":"","TYP_CD_DES":"LRT","STN_NAM_DE":"TONGKANG LRT STATION"}},
{"type":"Feature","geometry":null,"properties":{"TYP_CD":0,"STN_NAM":"","ATTACHEMEN":"","TYP_CD_DES":"MRT","STN_NAM_DE":"UBI MRT STATION"}},
{"type":"Feature","geometry":null,"properties":{"TYP_CD":0,"STN_NAM":"","ATTACHEMEN":"","TYP_CD_DES":"MRT","STN_NAM_DE":"TOA PAYOH MRT STATION"}},
{"type":"Feature","geometry":null,"properties":{"TYP_CD":0,"STN_NAM":"","ATTACHEMEN":"","TYP_CD_DES":"MRT","STN_NAM_DE":"TIONG BAHRU MRT STATION"}},
{"type":"Feature","geometry":null,"properties":{"TYP_CD":0,"STN_NAM":"","ATTACHEMEN":"","TYP_CD_DES":"LRT","STN_NAM_DE":"THANGGAM LRT STATION"}},
{"type":"Feature","geometry":null,"properties":{"TYP_CD":0,"STN_NAM":"","ATTACHEMEN":"","TYP_CD_DES":"MRT","STN_NAM_DE":"LAKESIDE MRT STATION"}},
{"type":"Feature","geometry":null,"properties":{"TYP_CD":0,"STN_NAM":"","ATTACHEMEN":"","TYP_CD_DES":"MRT","STN_NAM_DE":"BRIGHT HILL MRT STATION"}},
{"type":"Feature","geometry":null,"properties":{"TYP_CD":0,"STN_NAM":"","ATTACHEMEN":"","TYP_CD_DES":"MRT","STN_NAM_DE":"SPRINGLEAF MRT STATION"}},
{"type":"Feature","geometry":null,"properties":{"TYP_CD":0,"STN_NAM":"","ATTACHEMEN":"","TYP_CD_DES":"MRT","STN_NAM_DE":"MARINA SOUTH PIER MRT STATION"}},
{"type":"Feature","geometry":null,"properties":{"TYP_CD":0,"STN_NAM":"","ATTACHEMEN":"","TYP_CD_DES":"MRT","STN_NAM_DE":"MACPHERSON MRT STATION"}},
{"type":"Feature","geometry":null,"properties":{"TYP_CD":0,"STN_NAM":"","ATTACHEMEN":"","TYP_CD_DES":"MRT","STN_NAM_DE":"CANBERRA MRT STATION"}},
{"type":"Feature","geometry":null,"properties":{"TYP_CD":0,"STN_NAM":"","ATTACHEMEN":"","TYP_CD_DES":"MRT","STN_NAM_DE":"WOODLANDS SOUTH MRT STATION"}},
{"type":"Feature","geometry":null,"properties":{"TYP_CD":0,"STN_NAM":"","ATTACHEMEN":"","TYP_CD_DES":"MRT","STN_NAM_DE":"WOODLANDS NORTH MRT STATION"}},
{"type":"Feature","geometry":null,"properties":{"TYP_CD":0,"STN_NAM":"","ATTACHEMEN":"","TYP_CD_DES":"MRT","STN_NAM_DE":"GUL CIRCLE MRT STATION"}},
{"type":"Feature","geometry":null,"properties":{"TYP_CD":0,"STN_NAM":"","ATTACHEMEN":"","TYP_CD_DES":"MRT","STN_NAM_DE":"TUAS DEPOT"}},
{"type":"Feature","geometry":null,"properties":{"TYP_CD":0,"STN_NAM":"","ATTACHEMEN":"","TYP_CD_DES":"MRT","STN_NAM_DE":"TUNNEL STRUCTURE CONNECTING DEPOT TO FACILITY BUILDING"}},
{"type":"Feature","geometry":null,"properties":{"TYP_CD":0,"STN_NAM":"","ATTACHEMEN":"","TYP_CD_DES":"MRT","STN_NAM_DE":"WOODLANDS MRT STATION"}},
{"type":"Feature","geometry":null,"properties":{"TYP_CD":0,"STN_NAM":"","ATTACHEMEN":"","TYP_CD_DES":"MRT","STN_NAM_DE":"MANDAI DEPOT"}},
{"type":"Feature","geometry":null,"properties":{"TYP_CD":0,"STN_NAM":"","ATTACHEMEN":"CC3_EPN STN.zip","TYP_CD_DES":"MRT","STN_NAM_DE":"ESPLANADE MRT STATION"}},
{"type":"Feature","geometry":null,"properties":{"TYP_CD":0,"STN_NAM":"","ATTACHEMEN":"CC7_MBT STN.zip\r\nCC7_MBT STN.zip","TYP_CD_DES":"MRT","STN_NAM_DE":"MOUNTBATTEN MRT STATION"}},
{"type":"Feature","geometry":null,"properties":{"TYP_CD":0,"STN_NAM":"","ATTACHEMEN":"","TYP_CD_DES":"MRT","STN_NAM_DE":"MARINA BAY MRT STATION"}},
{"type":"Feature","geometry":null,"properties":{"TYP_CD":0,"STN_NAM":"","ATTACHEMEN":"","TYP_CD_DES":"MRT","STN_NAM_DE":"OUTRAM PARK MRT STATION"}},
{"type":"Feature","geometry":null,"properties":{"TYP_CD":0,"STN_NAM":"","ATTACHEMEN":"","TYP_CD_DES":"MRT","STN_NAM_DE":"HAVELOCK MRT STATION"}},
{"type":"Feature","geometry":null,"properties":{"TYP_CD":0,"STN_NAM":"","ATTACHEMEN":"","TYP_CD_DES":"MRT","STN_NAM_DE":"STEVENS MRT STATION"}},
{"type":"Feature","geometry":null,"properties":{"TYP_CD":0,"STN_NAM":"","ATTACHEMEN":"","TYP_CD_DES":"MRT","STN_NAM_DE":"NAPIER MRT STATION"}},
{"type":"Feature","geometry":null,"properties":{"TYP_CD":0,"STN_NAM":"","ATTACHEMEN":"","TYP_CD_DES":"MRT","STN_NAM_DE":"MOUNT PLEASANT MRT STATION"}},
{"type":"Feature","geometry":null,"properties":{"TYP_CD":0,"STN_NAM":"","ATTACHEMEN":"","TYP_CD_DES":"MRT","STN_NAM_DE":"SHENTON WAY MRT STATION"}},
{"type":"Feature","geometry":null,"properties":{"TYP_CD":0,"STN_NAM":"","ATTACHEMEN":"","TYP_CD_DES":"MRT","STN_NAM_DE":"MARINA SOUTH MRT STATION"}},
{"type":"Feature","geometry":null,"properties":{"TYP_CD":0,"STN_NAM":"","ATTACHEMEN":"","TYP_CD_DES":"MRT","STN_NAM_DE":"GARDENS BY THE BAY MRT STATION"}},
{"type":"Feature","geometry":null,"properties":{"TYP_CD":0,"STN_NAM":"","ATTACHEMEN":"","TYP_CD_DES":"MRT","STN_NAM_DE":"GREAT WORLD MRT STATION"}},
{"type":"Feature","geometry":null,"properties":{"TYP_CD":0,"STN_NAM":"","ATTACHEMEN":"","TYP_CD_DES":"MRT","STN_NAM_DE":"MAXWELL MRT STATION"}},
{"type":"Feature","geometry":null,"properties":{"TYP_CD":0,"STN_NAM":"","ATTACHEMEN":"","TYP_CD_DES":"MRT","STN_NAM_DE":"MARINA BAY MRT STATION"}},
{"type":"Feature","geometry":null,"properties":{"TYP_CD":0,"STN_NAM":"","ATTACHEMEN":"","TYP_CD_DES":"MRT","STN_NAM_DE":"ORCHARD BOULEVARD MRT STATION"}},
{"type":"Feature","geometry":null,"properties":{"TYP_CD":0,"STN_NAM":"","ATTACHEMEN":"","TYP_CD_DES":"MRT","STN_NAM_DE":"ORCHARD MRT STATION"}},
{"type":"Feature","geometry":null,"properties":{"TYP_CD":0,"STN_NAM":"","ATTACHEMEN":"","TYP_CD_DES":"LRT","STN_NAM_DE":"TECK WHYE LRT STATION"}},
{"type":"Feature","geometry":null,"properties":{"TYP_CD":0,"STN_NAM":"","ATTACHEMEN":"","TYP_CD_DES":"LRT","STN_NAM_DE":"TECK LEE LRT STATION"}},
{"type":"Feature","geometry":null,"properties":{"TYP_CD":0,"STN_NAM":"","ATTACHEMEN":"","TYP_CD_DES":"MRT","STN_NAM_DE":"TAN KAH KEE MRT STATION"}},
{"type":"Feature","geometry":null,"properties":{"TYP_CD":0,"STN_NAM":"","ATTACHEMEN":"","TYP_CD_DES":"MRT","STN_NAM_DE":"UPPER THOMSON MRT STATION"}},
{"type":"Feature","geometry":null,"properties":{"TYP_CD":0,"STN_NAM":"","ATTACHEMEN":"","TYP_CD_DES":"MRT","STN_NAM_DE":"CALDECOTT MRT STATION"}},
{"type":"Feature","geometry":null,"properties":{"TYP_CD":0,"STN_NAM":"","ATTACHEMEN":"","TYP_CD_DES":"MRT","STN_NAM_DE":"MAYFLOWER MRT STATION"}},
{"type":"Feature","geometry":null,"properties":{"TYP_CD":0,"STN_NAM":"","ATTACHEMEN":"","TYP_CD_DES":"MRT","STN_NAM_DE":"SIGLAP MRT STATION"}},
{"type":"Feature","geometry":null,"properties":{"TYP_CD":0,"STN_NAM":"","ATTACHEMEN":"","TYP_CD_DES":"MRT","STN_NAM_DE":"BAYSHORE MRT STATION"}},
{"type":"Feature","geometry":null,"properties":{"TYP_CD":0,"STN_NAM":"","ATTACHEMEN":"","TYP_CD_DES":"MRT","STN_NAM_DE":"MARINE PARADE MRT STATION"}},
{"type":"Feature","geometry":null,"properties":{"TYP_CD":0,"STN_NAM":"","ATTACHEMEN":"","TYP_CD_DES":"MRT","STN_NAM_DE":"BAYSHORE MRT STATION"}},
{"type":"Feature","geometry":null,"properties":{"TYP_CD":0,"STN_NAM":"","ATTACHEMEN":"","TYP_CD_DES":"MRT","STN_NAM_DE":"TANJONG KATONG MRT STATION"}},
{"type":"Feature","geometry":null,"properties":{"TYP_CD":0,"STN_NAM":"","ATTACHEMEN":"","TYP_CD_DES":"MRT","STN_NAM_DE":"KATONG PARK MRT STATION"}},
{"type":"Feature","geometry":null,"properties":{"TYP_CD":0,"STN_NAM":"","ATTACHEMEN":"","TYP_CD_DES":"MRT","STN_NAM_DE":"MARINE TERRACE MRT STATION"}},
{"type":"Feature","geometry":null,"properties":{"TYP_CD":0,"STN_NAM":"","ATTACHEMEN":"","TYP_CD_DES":"MRT","STN_NAM_DE":"TANJONG RHU MRT STATION"}},
{"type":"Feature","geometry":null,"properties":{"TYP_CD":0,"STN_NAM":"","ATTACHEMEN":"","TYP_CD_DES":"MRT","STN_NAM_DE":"MARINE PARADE MRT STATION"}},
{"type":"Feature","geometry":null,"properties":{"TYP_CD":0,"STN_NAM":"","ATTACHEMEN":"","TYP_CD_DES":"MRT","STN_NAM_DE":"FOUNDERS' MEMORIAL MRT STATION"}}
]}