{
    "odata.metadata": "http://datamall2.mytransport.sg/ltaodataservice/$metadataBusRoutes",
    "value": [
        {
            "ServiceNo": "10",
            "Operator": "SBST",
            "Direction": 1,
            "StopSequence": 1,
            "BusStopCode": "75009",
            "Distance": 0,
            "WD_FirstBus": "0500",
            "WD_LastBus": "2300",
            "SAT_FirstBus": "0500",
            "SAT_LastBus": "2300",
            "SUN_FirstBus": "0500",
            "SUN_LastBus": "2300"
        },
        {
            "ServiceNo": "10",
            "Operator": "SBST",
            "Direction": 1,
            "StopSequence": 2,
            "BusStopCode": "76059",
            "Distance": 0.6,
            "WD_FirstBus": "0502",
            "WD_LastBus": "2302",
            "SAT_FirstBus": "0502",
            "SAT_LastBus": "2302",
            "SUN_FirstBus": "0502",
            "SUN_LastBus": "2302"
        },
        {
            "ServiceNo": "10",
            "Operator": "SBST",
            "Direction": 1,
            "StopSequence": 3,
            "BusStopCode": "76069",
            "Distance": 1.1,
            "WD_FirstBus": "0504",
            "WD_LastBus": "2304",
            "SAT_FirstBus": "0504",
            "SAT_LastBus": "2304",
            "SUN_FirstBus": "0503",
            "SUN_LastBus": "2304"
        },
        {
            "ServiceNo": "10",
            "Operator": "SBST",
            "Direction": 1,
            "StopSequence": 4,
            "BusStopCode": "96289",
            "Distance": 2.3,
            "WD_FirstBus": "0508",
            "WD_LastBus": "2308",
            "SAT_FirstBus": "0508",
            "SAT_LastBus": "2309",
            "SUN_FirstBus": "0507",
            "SUN_LastBus": "2308"
        },
        {
            "ServiceNo": "10",
            "Operator": "SBST",
            "Direction": 1,
            "StopSequence": 5,
            "BusStopCode": "96109",
            "Distance": 2.7,
            "WD_FirstBus": "0509",
            "WD_LastBus": "2310",
            "SAT_FirstBus": "0509",
            "SAT_LastBus": "2311",
            "SUN_FirstBus": "0508",
            "SUN_LastBus": "2309"
        },
        {
            "ServiceNo": "10",
            "Operator": "SBST",
            "Direction": 1,
            "StopSequence": 6,
            "BusStopCode": "85079",
            "Distance": 3.3,
            "WD_FirstBus": "0511",
            "WD_LastBus": "2312",
            "SAT_FirstBus": "0511",
            "SAT_LastBus": "2313",
            "SUN_FirstBus": "0510",
            "SUN_LastBus": "2311"
        },
        {
            "ServiceNo": "10",
            "Operator": "SBST",
            "Direction": 1,
            "StopSequence": 7,
            "BusStopCode": "85089",
            "Distance": 3.5,
            "WD_FirstBus": "0512",
            "WD_LastBus": "2313",
            "SAT_FirstBus": "0512",
            "SAT_LastBus": "2314",
            "SUN_FirstBus": "0511",
            "SUN_LastBus": "2312"
        },
        {
            "ServiceNo": "10",
            "Operator": "SBST",
            "Direction": 1,
            "StopSequence": 8,
            "BusStopCode": "85069",
            "Distance": 3.8,
            "WD_FirstBus": "0513",
            "WD_LastBus": "2314",
            "SAT_FirstBus": "0513",
            "SAT_LastBus": "2315",
            "SUN_FirstBus": "0512",
            "SUN_LastBus": "2313"
        },
        {
            "ServiceNo": "10",
            "Operator": "SBST",
            "Direction": 1,
            "StopSequence": 9,
            "BusStopCode": "85059",
            "Distance": 4.1,
            "WD_FirstBus": "0514",
            "WD_LastBus": "2315",
            "SAT_FirstBus": "0514",
            "SAT_LastBus": "2316",
            "SUN_FirstBus": "0513",
            "SUN_LastBus": "2314"
        },
        {
            "ServiceNo": "10",
            "Operator": "SBST",
            "Direction": 1,
            "StopSequence": 10,
            "BusStopCode": "85049",
            "Distance": 4.5,
            "WD_FirstBus": "0515",
            "WD_LastBus": "2316",
            "SAT_FirstBus": "0515",
            "SAT_LastBus": "2317",
            "SUN_FirstBus": "0514",
            "SUN_LastBus": "2315"
        },
        {
            "ServiceNo": "10",
            "Operator": "SBST",
            "Direction": 1,
            "StopSequence": 11,
            "BusStopCode": "85039",
            "Distance": 4.8,
            "WD_FirstBus": "0517",
            "WD_LastBus": "2317",
            "SAT_FirstBus": "0517",
            "SAT_LastBus": "2319",
            "SUN_FirstBus": "0516",
            "SUN_LastBus": "2317"
        },
        {
            "ServiceNo": "10",
            "Operator": "SBST",
            "Direction": 1,
            "StopSequence": 12,
            "BusStopCode": "85029",
            "Distance": 5,
            "WD_FirstBus": "0517",
            "WD_LastBus": "2318",
            "SAT_FirstBus": "0517",
            "SAT_LastBus": "2319",
            "SUN_FirstBus": "0516",
            "SUN_LastBus": "2317"
        },
        {
            "ServiceNo": "10",
            "Operator": "SBST",
            "Direction": 1,
            "StopSequence": 13,
            "BusStopCode": "85019",
            "Distance": 5.2,
            "WD_FirstBus": "0518",
            "WD_LastBus": "2318",
            "SAT_FirstBus": "0518",
            "SAT_LastBus": "2320",
            "SUN_FirstBus": "0517",
            "SUN_LastBus": "2318"
        },
        {
            "ServiceNo": "10",
            "Operator": "SBST",
            "Direction": 1,
            "StopSequence": 14,
            "BusStopCode": "94079",
            "Distance": 5.5,
            "WD_FirstBus": "0519",
            "WD_LastBus": "2319",
            "SAT_FirstBus": "0519",
            "SAT_LastBus": "2321",
            "SUN_FirstBus": "0518",
            "SUN_LastBus": "2319"
        },
        {
            "ServiceNo": "10",
            "Operator": "SBST",
            "Direction": 1,
            "StopSequence": 15,
            "BusStopCode": "94069",
            "Distance": 6.1,
            "WD_FirstBus": "0520",
            "WD_LastBus": "2320",
            "SAT_FirstBus": "0520",
            "SAT_LastBus": "2322",
            "SUN_FirstBus": "0519",
            "SUN_LastBus": "2321"
        },
        {
            "ServiceNo": "10",
            "Operator": "SBST",
            "Direction": 1,
            "StopSequence": 16,
            "BusStopCode": "94059",
            "Distance": 6.4,
            "WD_FirstBus": "0521",
            "WD_LastBus": "2321",
            "SAT_FirstBus": "0521",
            "SAT_LastBus": "2323",
            "SUN_FirstBus": "0520",
            "SUN_LastBus": "2322"
        },
        {
            "ServiceNo": "10",
            "Operator": "SBST",
            "Direction": 1,
            "StopSequence": 17,
            "BusStopCode": "94049",
            "Distance": 6.8,
            "WD_FirstBus": "0522",
            "WD_LastBus": "2322",
            "SAT_FirstBus": "0522",
            "SAT_LastBus": "2324",
            "SUN_FirstBus": "0521",
            "SUN_LastBus": "2323"
        },
        {
            "ServiceNo": "10",
            "Operator": "SBST",
            "Direction": 1,
            "StopSequence": 18,
            "BusStopCode": "94089",
            "Distance": 7,
            "WD_FirstBus": "0522",
            "WD_LastBus": "2322",
            "SAT_FirstBus": "0522",
            "SAT_LastBus": "2324",
            "SUN_FirstBus": "0521",
            "SUN_LastBus": "2323"
        },
        {
            "ServiceNo": "10",
            "Operator": "SBST",
            "Direction": 1,
            "StopSequence": 19,
            "BusStopCode": "94039",
            "Distance": 7.3,
            "WD_FirstBus": "0523",
            "WD_LastBus": "2323",
            "SAT_FirstBus": "0523",
            "SAT_LastBus": "2325",
            "SUN_FirstBus": "0522",
            "SUN_LastBus": "2324"
        },
        {
            "ServiceNo": "10",
            "Operator": "SBST",
            "Direction": 1,
            "StopSequence": 20,
            "BusStopCode": "94029",
            "Distance": 7.7,
            "WD_FirstBus": "0524",
            "WD_LastBus": "2324",
            "SAT_FirstBus": "0524",
            "SAT_LastBus": "2326",
            "SUN_FirstBus": "0523",
            "SUN_LastBus": "2325"
        },
        {
            "ServiceNo": "10",
            "Operator": "SBST",
            "Direction": 1,
            "StopSequence": 21,
            "BusStopCode": "94019",
            "Distance": 7.9,
            "WD_FirstBus": "0525",
            "WD_LastBus": "2325",
            "SAT_FirstBus": "0525",
            "SAT_LastBus": "2326",
            "SUN_FirstBus": "0524",
            "SUN_LastBus": "2326"
        },
        {
            "ServiceNo": "10",
            "Operator": "SBST",
            "Direction": 1,
            "StopSequence": 22,
            "BusStopCode": "93099",
            "Distance": 8.3,
            "WD_FirstBus": "0527",
            "WD_LastBus": "2326",
            "SAT_FirstBus": "0526",
            "SAT_LastBus": "2327",
            "SUN_FirstBus": "0525",
            "SUN_LastBus": "2327"
        },
        {
            "ServiceNo": "10",
            "Operator": "SBST",
            "Direction": 1,
            "StopSequence": 23,
            "BusStopCode": "93089",
            "Distance": 8.8,
            "WD_FirstBus": "0528",
            "WD_LastBus": "2327",
            "SAT_FirstBus": "0527",
            "SAT_LastBus": "2328",
            "SUN_FirstBus": "0526",
            "SUN_LastBus": "2329"
        },
        {
            "ServiceNo": "10",
            "Operator": "SBST",
            "Direction": 1,
            "StopSequence": 24,
            "BusStopCode": "93079",
            "Distance": 9.1,
            "WD_FirstBus": "0529",
            "WD_LastBus": "2328",
            "SAT_FirstBus": "0528",
            "SAT_LastBus": "2329",
            "SUN_FirstBus": "0527",
            "SUN_LastBus": "2330"
        },
        {
            "ServiceNo": "10",
            "Operator": "SBST",
            "Direction": 1,
            "StopSequence": 25,
            "BusStopCode": "93069",
            "Distance": 9.4,
            "WD_FirstBus": "0530",
            "WD_LastBus": "2329",
            "SAT_FirstBus": "0529",
            "SAT_LastBus": "2330",
            "SUN_FirstBus": "0528",
            "SUN_LastBus": "2331"
        },
        {
            "ServiceNo": "10",
            "Operator": "SBST",
            "Direction": 1,
            "StopSequence": 26,
            "BusStopCode": "93059",
            "Distance": 9.8,
            "WD_FirstBus": "0531",
            "WD_LastBus": "2330",
            "SAT_FirstBus": "0530",
            "SAT_LastBus": "2331",
            "SUN_FirstBus": "0529",
            "SUN_LastBus": "2332"
        },
        {
            "ServiceNo": "10",
            "Operator": "SBST",
            "Direction": 1,
            "StopSequence": 27,
            "BusStopCode": "92159",
            "Distance": 10.1,
            "WD_FirstBus": "0532",
            "WD_LastBus": "2331",
            "SAT_FirstBus": "0531",
            "SAT_LastBus": "2332",
            "SUN_FirstBus": "0530",
            "SUN_LastBus": "2333"
        },
        {
            "ServiceNo": "10",
            "Operator": "SBST",
            "Direction": 1,
            "StopSequence": 28,
            "BusStopCode": "92149",
            "Distance": 10.4,
            "WD_FirstBus": "0533",
            "WD_LastBus": "2332",
            "SAT_FirstBus": "0532",
            "SAT_LastBus": "2333",
            "SUN_FirstBus": "0531",
            "SUN_LastBus": "2334"
        },
        {
            "ServiceNo": "10",
            "Operator": "SBST",
            "Direction": 1,
            "StopSequence": 29,
            "BusStopCode": "92139",
            "Distance": 10.7,
            "WD_FirstBus": "0534",
            "WD_LastBus": "2332",
            "SAT_FirstBus": "0532",
            "SAT_LastBus": "2334",
            "SUN_FirstBus": "0531",
            "SUN_LastBus": "2335"
        },
        {
            "ServiceNo": "10",
            "Operator": "SBST",
            "Direction": 1,
            "StopSequence": 30,
            "BusStopCode": "92129",
            "Distance": 11.2,
            "WD_FirstBus": "0536",
            "WD_LastBus": "2334",
            "SAT_FirstBus": "0534",
            "SAT_LastBus": "2336",
            "SUN_FirstBus": "0533",
            "SUN_LastBus": "2337"
        },
        {
            "ServiceNo": "10",
            "Operator": "SBST",
            "Direction": 1,
            "StopSequence": 31,
            "BusStopCode": "92119",
            "Distance": 11.7,
            "WD_FirstBus": "0537",
            "WD_LastBus": "2335",
            "SAT_FirstBus": "0535",
            "SAT_LastBus": "2337",
            "SUN_FirstBus": "0534",
            "SUN_LastBus": "2338"
        },
        {
            "ServiceNo": "10",
            "Operator": "SBST",
            "Direction": 1,
            "StopSequence": 32,
            "BusStopCode": "92109",
            "Distance": 11.9,
            "WD_FirstBus": "0537",
            "WD_LastBus": "2336",
            "SAT_FirstBus": "0536",
            "SAT_LastBus": "2338",
            "SUN_FirstBus": "0535",
            "SUN_LastBus": "2339"
        },
        {
            "ServiceNo": "10",
            "Operator": "SBST",
            "Direction": 1,
            "StopSequence": 33,
            "BusStopCode": "92099",
            "Distance": 12.2,
            "WD_FirstBus": "0538",
            "WD_LastBus": "2336",
            "SAT_FirstBus": "0536",
            "SAT_LastBus": "2339",
            "SUN_FirstBus": "0535",
            "SUN_LastBus": "2339"
        },
        {
            "ServiceNo": "10",
            "Operator": "SBST",
            "Direction": 1,
            "StopSequence": 34,
            "BusStopCode": "92161",
            "Distance": 12.7,
            "WD_FirstBus": "0539",
            "WD_LastBus": "2338",
            "SAT_FirstBus": "0538",
            "SAT_LastBus": "2341",
            "SUN_FirstBus": "0537",
            "SUN_LastBus": "2341"
        },
        {
            "ServiceNo": "10",
            "Operator": "SBST",
            "Direction": 1,
            "StopSequence": 35,
            "BusStopCode": "82071",
            "Distance": 13.1,
            "WD_FirstBus": "0540",
            "WD_LastBus": "2339",
            "SAT_FirstBus": "0539",
            "SAT_LastBus": "2342",
            "SUN_FirstBus": "0538",
            "SUN_LastBus": "2342"
        },
        {
            "ServiceNo": "10",
            "Operator": "SBST",
            "Direction": 1,
            "StopSequence": 36,
            "BusStopCode": "81199",
            "Distance": 13.9,
            "WD_FirstBus": "0541",
            "WD_LastBus": "2341",
            "SAT_FirstBus": "0541",
            "SAT_LastBus": "2344",
            "SUN_FirstBus": "0540",
            "SUN_LastBus": "2344"
        },
        {
            "ServiceNo": "10",
            "Operator": "SBST",
            "Direction": 1,
            "StopSequence": 37,
            "BusStopCode": "81189",
            "Distance": 14.2,
            "WD_FirstBus": "0542",
            "WD_LastBus": "2341",
            "SAT_FirstBus": "0541",
            "SAT_LastBus": "2345",
            "SUN_FirstBus": "0540",
            "SUN_LastBus": "2344"
        },
        {
            "ServiceNo": "10",
            "Operator": "SBST",
            "Direction": 1,
            "StopSequence": 38,
            "BusStopCode": "81179",
            "Distance": 14.7,
            "WD_FirstBus": "0543",
            "WD_LastBus": "2342",
            "SAT_FirstBus": "0542",
            "SAT_LastBus": "2346",
            "SUN_FirstBus": "0541",
            "SUN_LastBus": "2345"
        },
        {
            "ServiceNo": "10",
            "Operator": "SBST",
            "Direction": 1,
            "StopSequence": 39,
            "BusStopCode": "80141",
            "Distance": 15.3,
            "WD_FirstBus": "0544",
            "WD_LastBus": "2343",
            "SAT_FirstBus": "0544",
            "SAT_LastBus": "2347",
            "SUN_FirstBus": "0543",
            "SUN_LastBus": "2347"
        },
        {
            "ServiceNo": "10",
            "Operator": "SBST",
            "Direction": 1,
            "StopSequence": 40,
            "BusStopCode": "80219",
            "Distance": 16,
            "WD_FirstBus": "0545",
            "WD_LastBus": "2345",
            "SAT_FirstBus": "0546",
            "SAT_LastBus": "2349",
            "SUN_FirstBus": "0545",
            "SUN_LastBus": "2349"
        },
        {
            "ServiceNo": "10",
            "Operator": "SBST",
            "Direction": 1,
            "StopSequence": 41,
            "BusStopCode": "80169",
            "Distance": 17.4,
            "WD_FirstBus": "0548",
            "WD_LastBus": "2348",
            "SAT_FirstBus": "0549",
            "SAT_LastBus": "2353",
            "SUN_FirstBus": "0548",
            "SUN_LastBus": "2352"
        },
        {
            "ServiceNo": "10",
            "Operator": "SBST",
            "Direction": 1,
            "StopSequence": 42,
            "BusStopCode": "80159",
            "Distance": 18.1,
            "WD_FirstBus": "0550",
            "WD_LastBus": "2350",
            "SAT_FirstBus": "0551",
            "SAT_LastBus": "2355",
            "SUN_FirstBus": "0550",
            "SUN_LastBus": "2353"
        },
        {
            "ServiceNo": "10",
            "Operator": "SBST",
            "Direction": 1,
            "StopSequence": 43,
            "BusStopCode": "02119",
            "Distance": 18.6,
            "WD_FirstBus": "0551",
            "WD_LastBus": "2351",
            "SAT_FirstBus": "0552",
            "SAT_LastBus": "2356",
            "SUN_FirstBus": "0551",
            "SUN_LastBus": "2354"
        },
        {
            "ServiceNo": "10",
            "Operator": "SBST",
            "Direction": 1,
            "StopSequence": 44,
            "BusStopCode": "03019",
            "Distance": 19.6,
            "WD_FirstBus": "0554",
            "WD_LastBus": "2354",
            "SAT_FirstBus": "0554",
            "SAT_LastBus": "2359",
            "SUN_FirstBus": "0553",
            "SUN_LastBus": "2356"
        },
        {
            "ServiceNo": "10",
            "Operator": "SBST",
            "Direction": 1,
            "StopSequence": 45,
            "BusStopCode": "03059",
            "Distance": 19.9,
            "WD_FirstBus": "0555",
            "WD_LastBus": "2355",
            "SAT_FirstBus": "0555",
            "SAT_LastBus": "2400",
            "SUN_FirstBus": "0554",
            "SUN_LastBus": "2357"
        },
        {
            "ServiceNo": "10",
            "Operator": "SBST",
            "Direction": 1,
            "StopSequence": 46,
            "BusStopCode": "03129",
            "Distance": 20.3,
            "WD_FirstBus": "0556",
            "WD_LastBus": "2356",
            "SAT_FirstBus": "0556",
            "SAT_LastBus": "0001",
            "SUN_FirstBus": "0555",
            "SUN_LastBus": "2358"
        },
        {
            "ServiceNo": "10",
            "Operator": "SBST",
            "Direction": 1,
            "StopSequence": 47,
            "BusStopCode": "03217",
            "Distance": 20.6,
            "WD_FirstBus": "0557",
            "WD_LastBus": "2357",
            "SAT_FirstBus": "0557",
            "SAT_LastBus": "0002",
            "SUN_FirstBus": "0556",
            "SUN_LastBus": "2359"
        },
        {
            "ServiceNo": "10",
            "Operator": "SBST",
            "Direction": 1,
            "StopSequence": 48,
            "BusStopCode": "05649",
            "Distance": 21.5,
            "WD_FirstBus": "0600",
            "WD_LastBus": "2400",
            "SAT_FirstBus": "0600",
            "SAT_LastBus": "0004",
            "SUN_FirstBus": "0559",
            "SUN_LastBus": "0001"
        },
        {
            "ServiceNo": "10",
            "Operator": "SBST",
            "Direction": 1,
            "StopSequence": 49,
            "BusStopCode": "14061",
            "Distance": 21.8,
            "WD_FirstBus": "0601",
            "WD_LastBus": "0001",
            "SAT_FirstBus": "0600",
            "SAT_LastBus": "0005",
            "SUN_FirstBus": "0559",
            "SUN_LastBus": "0002"
        },
        {
            "ServiceNo": "10",
            "Operator": "SBST",
            "Direction": 1,
            "StopSequence": 50,
            "BusStopCode": "14071",
            "Distance": 22.3,
            "WD_FirstBus": "0602",
            "WD_LastBus": "0002",
            "SAT_FirstBus": "0601",
            "SAT_LastBus": "0006",
            "SUN_FirstBus": "0600",
            "SUN_LastBus": "0003"
        },
        {
            "ServiceNo": "10",
            "Operator": "SBST",
            "Direction": 1,
            "StopSequence": 51,
            "BusStopCode": "14081",
            "Distance": 22.7,
            "WD_FirstBus": "0603",
            "WD_LastBus": "0003",
            "SAT_FirstBus": "0602",
            "SAT_LastBus": "0007",
            "SUN_FirstBus": "0601",
            "SUN_LastBus": "0004"
        },
        {
            "ServiceNo": "10",
            "Operator": "SBST",
            "Direction": 1,
            "StopSequence": 52,
            "BusStopCode": "14101",
            "Distance": 23.1,
            "WD_FirstBus": "0603",
            "WD_LastBus": "0003",
            "SAT_FirstBus": "0603",
            "SAT_LastBus": "0008",
            "SUN_FirstBus": "0602",
            "SUN_LastBus": "0004"
        },
        {
            "ServiceNo": "10",
            "Operator": "SBST",
            "Direction": 1,
            "StopSequence": 53,
            "BusStopCode": "14141",
            "Distance": 23.9,
            "WD_FirstBus": "0605",
            "WD_LastBus": "0005",
            "SAT_FirstBus": "0604",
            "SAT_LastBus": "0010",
            "SUN_FirstBus": "0603",
            "SUN_LastBus": "0006"
        },
        {
            "ServiceNo": "10",
            "Operator": "SBST",
            "Direction": 1,
            "StopSequence": 54,
            "BusStopCode": "14121",
            "Distance": 24.2,
            "WD_FirstBus": "0606",
            "WD_LastBus": "0006",
            "SAT_FirstBus": "0605",
            "SAT_LastBus": "0011",
            "SUN_FirstBus": "0604",
            "SUN_LastBus": "0007"
        },
        {
            "ServiceNo": "10",
            "Operator": "SBST",
            "Direction": 1,
            "StopSequence": 55,
            "BusStopCode": "14131",
            "Distance": 24.6,
            "WD_FirstBus": "0607",
            "WD_LastBus": "0007",
            "SAT_FirstBus": "0606",
            "SAT_LastBus": "0012",
            "SUN_FirstBus": "0605",
            "SUN_LastBus": "0008"
        },
        {
            "ServiceNo": "10",
            "Operator": "SBST",
            "Direction": 1,
            "StopSequence": 56,
            "BusStopCode": "14151",
            "Distance": 25.1,
            "WD_FirstBus": "0609",
            "WD_LastBus": "0009",
            "SAT_FirstBus": "0607",
            "SAT_LastBus": "0014",
            "SUN_FirstBus": "0606",
            "SUN_LastBus": "0009"
        },
        {
            "ServiceNo": "10",
            "Operator": "SBST",
            "Direction": 1,
            "StopSequence": 57,
            "BusStopCode": "14161",
            "Distance": 25.5,
            "WD_FirstBus": "0610",
            "WD_LastBus": "0010",
            "SAT_FirstBus": "0608",
            "SAT_LastBus": "0015",
            "SUN_FirstBus": "0607",
            "SUN_LastBus": "0010"
        },
        {
            "ServiceNo": "10",
            "Operator": "SBST",
            "Direction": 1,
            "StopSequence": 58,
            "BusStopCode": "14171",
            "Distance": 25.9,
            "WD_FirstBus": "0611",
            "WD_LastBus": "0011",
            "SAT_FirstBus": "0609",
            "SAT_LastBus": "0016",
            "SUN_FirstBus": "0608",
            "SUN_LastBus": "0011"
        },
        {
            "ServiceNo": "10",
            "Operator": "SBST",
            "Direction": 1,
            "StopSequence": 59,
            "BusStopCode": "15141",
            "Distance": 26.6,
            "WD_FirstBus": "0613",
            "WD_LastBus": "0013",
            "SAT_FirstBus": "0610",
            "SAT_LastBus": "0017",
            "SUN_FirstBus": "0609",
            "SUN_LastBus": "0012"
        },
        {
            "ServiceNo": "10",
            "Operator": "SBST",
            "Direction": 1,
            "StopSequence": 60,
            "BusStopCode": "15151",
            "Distance": 26.9,
            "WD_FirstBus": "0614",
            "WD_LastBus": "0013",
            "SAT_FirstBus": "0611",
            "SAT_LastBus": "0018",
            "SUN_FirstBus": "0610",
            "SUN_LastBus": "0013"
        },
        {
            "ServiceNo": "10",
            "Operator": "SBST",
            "Direction": 1,
            "StopSequence": 61,
            "BusStopCode": "15161",
            "Distance": 27.1,
            "WD_FirstBus": "0615",
            "WD_LastBus": "0014",
            "SAT_FirstBus": "0611",
            "SAT_LastBus": "0018",
            "SUN_FirstBus": "0610",
            "SUN_LastBus": "0013"
        },
        {
            "ServiceNo": "10",
            "Operator": "SBST",
            "Direction": 1,
            "StopSequence": 62,
            "BusStopCode": "15191",
            "Distance": 27.6,
            "WD_FirstBus": "0616",
            "WD_LastBus": "0015",
            "SAT_FirstBus": "0612",
            "SAT_LastBus": "0019",
            "SUN_FirstBus": "0611",
            "SUN_LastBus": "0014"
        },
        {
            "ServiceNo": "10",
            "Operator": "SBST",
            "Direction": 1,
            "StopSequence": 63,
            "BusStopCode": "15201",
            "Distance": 27.9,
            "WD_FirstBus": "0617",
            "WD_LastBus": "0016",
            "SAT_FirstBus": "0613",
            "SAT_LastBus": "0020",
            "SUN_FirstBus": "0612",
            "SUN_LastBus": "0015"
        },
        {
            "ServiceNo": "10",
            "Operator": "SBST",
            "Direction": 1,
            "StopSequence": 64,
            "BusStopCode": "15221",
            "Distance": 28.5,
            "WD_FirstBus": "0618",
            "WD_LastBus": "0017",
            "SAT_FirstBus": "0614",
            "SAT_LastBus": "0021",
            "SUN_FirstBus": "0613",
            "SUN_LastBus": "0016"
        },
        {
            "ServiceNo": "10",
            "Operator": "SBST",
            "Direction": 1,
            "StopSequence": 65,
            "BusStopCode": "16201",
            "Distance": 28.8,
            "WD_FirstBus": "0619",
            "WD_LastBus": "0017",
            "SAT_FirstBus": "0614",
            "SAT_LastBus": "0021",
            "SUN_FirstBus": "0613",
            "SUN_LastBus": "0017"
        },
        {
            "ServiceNo": "10",
            "Operator": "SBST",
            "Direction": 1,
            "StopSequence": 66,
            "BusStopCode": "16011",
            "Distance": 29.1,
            "WD_FirstBus": "0620",
            "WD_LastBus": "0018",
            "SAT_FirstBus": "0615",
            "SAT_LastBus": "0022",
            "SUN_FirstBus": "0614",
            "SUN_LastBus": "0018"
        },
        {
            "ServiceNo": "10",
            "Operator": "SBST",
            "Direction": 1,
            "StopSequence": 67,
            "BusStopCode": "16021",
            "Distance": 29.6,
            "WD_FirstBus": "0621",
            "WD_LastBus": "0019",
            "SAT_FirstBus": "0616",
            "SAT_LastBus": "0023",
            "SUN_FirstBus": "0615",
            "SUN_LastBus": "0019"
        },
        {
            "ServiceNo": "10",
            "Operator": "SBST",
            "Direction": 1,
            "StopSequence": 68,
            "BusStopCode": "16031",
            "Distance": 29.9,
            "WD_FirstBus": "0622",
            "WD_LastBus": "0020",
            "SAT_FirstBus": "0617",
            "SAT_LastBus": "0024",
            "SUN_FirstBus": "0616",
            "SUN_LastBus": "0020"
        },
        {
            "ServiceNo": "10",
            "Operator": "SBST",
            "Direction": 1,
            "StopSequence": 69,
            "BusStopCode": "16041",
            "Distance": 30.1,
            "WD_FirstBus": "0623",
            "WD_LastBus": "0020",
            "SAT_FirstBus": "0617",
            "SAT_LastBus": "0025",
            "SUN_FirstBus": "0616",
            "SUN_LastBus": "0020"
        },
        {
            "ServiceNo": "10",
            "Operator": "SBST",
            "Direction": 1,
            "StopSequence": 70,
            "BusStopCode": "16051",
            "Distance": 30.4,
            "WD_FirstBus": "0623",
            "WD_LastBus": "0021",
            "SAT_FirstBus": "0618",
            "SAT_LastBus": "0025",
            "SUN_FirstBus": "0617",
            "SUN_LastBus": "0021"
        },
        {
            "ServiceNo": "10",
            "Operator": "SBST",
            "Direction": 1,
            "StopSequence": 71,
            "BusStopCode": "16061",
            "Distance": 30.6,
            "WD_FirstBus": "0624",
            "WD_LastBus": "0021",
            "SAT_FirstBus": "0618",
            "SAT_LastBus": "0026",
            "SUN_FirstBus": "0617",
            "SUN_LastBus": "0021"
        },
        {
            "ServiceNo": "10",
            "Operator": "SBST",
            "Direction": 1,
            "StopSequence": 72,
            "BusStopCode": "16071",
            "Distance": 30.8,
            "WD_FirstBus": "0625",
            "WD_LastBus": "0022",
            "SAT_FirstBus": "0619",
            "SAT_LastBus": "0027",
            "SUN_FirstBus": "0618",
            "SUN_LastBus": "0022"
        },
        {
            "ServiceNo": "10",
            "Operator": "SBST",
            "Direction": 1,
            "StopSequence": 73,
            "BusStopCode": "16081",
            "Distance": 31.1,
            "WD_FirstBus": "0626",
            "WD_LastBus": "0023",
            "SAT_FirstBus": "0620",
            "SAT_LastBus": "0028",
            "SUN_FirstBus": "0619",
            "SUN_LastBus": "0023"
        },
        {
            "ServiceNo": "10",
            "Operator": "SBST",
            "Direction": 1,
            "StopSequence": 74,
            "BusStopCode": "16009",
            "Distance": 31.6,
            "WD_FirstBus": "0627",
            "WD_LastBus": "0024",
            "SAT_FirstBus": "0622",
            "SAT_LastBus": "0029",
            "SUN_FirstBus": "0621",
            "SUN_LastBus": "0024"
        },
        {
            "ServiceNo": "10",
            "Operator": "SBST",
            "Direction": 2,
            "StopSequence": 1,
            "BusStopCode": "16009",
            "Distance": 0,
            "WD_FirstBus": "0600",
            "WD_LastBus": "2400",
            "SAT_FirstBus": "0600",
            "SAT_LastBus": "2400",
            "SUN_FirstBus": "0615",
            "SUN_LastBus": "2400"
        },
        {
            "ServiceNo": "10",
            "Operator": "SBST",
            "Direction": 2,
            "StopSequence": 2,
            "BusStopCode": "16089",
            "Distance": 0.4,
            "WD_FirstBus": "0602",
            "WD_LastBus": "0002",
            "SAT_FirstBus": "0602",
            "SAT_LastBus": "0001",
            "SUN_FirstBus": "0617",
            "SUN_LastBus": "0001"
        },
        {
            "ServiceNo": "10",
            "Operator": "SBST",
            "Direction": 2,
            "StopSequence": 3,
            "BusStopCode": "16079",
            "Distance": 0.7,
            "WD_FirstBus": "0603",
            "WD_LastBus": "0003",
            "SAT_FirstBus": "0603",
            "SAT_LastBus": "0002",
            "SUN_FirstBus": "0618",
            "SUN_LastBus": "0002"
        },
        {
            "ServiceNo": "10",
            "Operator": "SBST",
            "Direction": 2,
            "StopSequence": 4,
            "BusStopCode": "16069",
            "Distance": 1,
            "WD_FirstBus": "0605",
            "WD_LastBus": "0004",
            "SAT_FirstBus": "0605",
            "SAT_LastBus": "0003",
            "SUN_FirstBus": "0620",
            "SUN_LastBus": "0003"
        },
        {
            "ServiceNo": "10",
            "Operator": "SBST",
            "Direction": 2,
            "StopSequence": 5,
            "BusStopCode": "16059",
            "Distance": 1.3,
            "WD_FirstBus": "0606",
            "WD_LastBus": "0005",
            "SAT_FirstBus": "0606",
            "SAT_LastBus": "0004",
            "SUN_FirstBus": "0621",
            "SUN_LastBus": "0004"
        },
        {
            "ServiceNo": "10",
            "Operator": "SBST",
            "Direction": 2,
            "StopSequence": 6,
            "BusStopCode": "16049",
            "Distance": 1.5,
            "WD_FirstBus": "0606",
            "WD_LastBus": "0005",
            "SAT_FirstBus": "0606",
            "SAT_LastBus": "0004",
            "SUN_FirstBus": "0621",
            "SUN_LastBus": "0004"
        },
        {
            "ServiceNo": "10",
            "Operator": "SBST",
            "Direction": 2,
            "StopSequence": 7,
            "BusStopCode": "16039",
            "Distance": 1.7,
            "WD_FirstBus": "0607",
            "WD_LastBus": "0005",
            "SAT_FirstBus": "0606",
            "SAT_LastBus": "0005",
            "SUN_FirstBus": "0621",
            "SUN_LastBus": "0004"
        },
        {
            "ServiceNo": "10",
            "Operator": "SBST",
            "Direction": 2,
            "StopSequence": 8,
            "BusStopCode": "16029",
            "Distance": 2,
            "WD_FirstBus": "0608",
            "WD_LastBus": "0006",
            "SAT_FirstBus": "0607",
            "SAT_LastBus": "0006",
            "SUN_FirstBus": "0622",
            "SUN_LastBus": "0005"
        },
        {
            "ServiceNo": "10",
            "Operator": "SBST",
            "Direction": 2,
            "StopSequence": 9,
            "BusStopCode": "16019",
            "Distance": 2.5,
            "WD_FirstBus": "0609",
            "WD_LastBus": "0007",
            "SAT_FirstBus": "0608",
            "SAT_LastBus": "0007",
            "SUN_FirstBus": "0623",
            "SUN_LastBus": "0006"
        },
        {
            "ServiceNo": "10",
            "Operator": "SBST",
            "Direction": 2,
            "StopSequence": 10,
            "BusStopCode": "16209",
            "Distance": 2.7,
            "WD_FirstBus": "0610",
            "WD_LastBus": "0008",
            "SAT_FirstBus": "0609",
            "SAT_LastBus": "0008",
            "SUN_FirstBus": "0624",
            "SUN_LastBus": "0007"
        },
        {
            "ServiceNo": "10",
            "Operator": "SBST",
            "Direction": 2,
            "StopSequence": 11,
            "BusStopCode": "15229",
            "Distance": 3,
            "WD_FirstBus": "0611",
            "WD_LastBus": "0008",
            "SAT_FirstBus": "0610",
            "SAT_LastBus": "0009",
            "SUN_FirstBus": "0624",
            "SUN_LastBus": "0007"
        },
        {
            "ServiceNo": "10",
            "Operator": "SBST",
            "Direction": 2,
            "StopSequence": 12,
            "BusStopCode": "15219",
            "Distance": 3.2,
            "WD_FirstBus": "0611",
            "WD_LastBus": "0009",
            "SAT_FirstBus": "0610",
            "SAT_LastBus": "0009",
            "SUN_FirstBus": "0625",
            "SUN_LastBus": "0008"
        },
        {
            "ServiceNo": "10",
            "Operator": "SBST",
            "Direction": 2,
            "StopSequence": 13,
            "BusStopCode": "15209",
            "Distance": 3.6,
            "WD_FirstBus": "0613",
            "WD_LastBus": "0010",
            "SAT_FirstBus": "0612",
            "SAT_LastBus": "0011",
            "SUN_FirstBus": "0626",
            "SUN_LastBus": "0009"
        },
        {
            "ServiceNo": "10",
            "Operator": "SBST",
            "Direction": 2,
            "StopSequence": 14,
            "BusStopCode": "15199",
            "Distance": 3.9,
            "WD_FirstBus": "0614",
            "WD_LastBus": "0011",
            "SAT_FirstBus": "0613",
            "SAT_LastBus": "0012",
            "SUN_FirstBus": "0627",
            "SUN_LastBus": "0010"
        },
        {
            "ServiceNo": "10",
            "Operator": "SBST",
            "Direction": 2,
            "StopSequence": 15,
            "BusStopCode": "15169",
            "Distance": 4.4,
            "WD_FirstBus": "0615",
            "WD_LastBus": "0012",
            "SAT_FirstBus": "0614",
            "SAT_LastBus": "0013",
            "SUN_FirstBus": "0628",
            "SUN_LastBus": "0011"
        },
        {
            "ServiceNo": "10",
            "Operator": "SBST",
            "Direction": 2,
            "StopSequence": 16,
            "BusStopCode": "15159",
            "Distance": 4.6,
            "WD_FirstBus": "0616",
            "WD_LastBus": "0013",
            "SAT_FirstBus": "0615",
            "SAT_LastBus": "0014",
            "SUN_FirstBus": "0629",
            "SUN_LastBus": "0012"
        },
        {
            "ServiceNo": "10",
            "Operator": "SBST",
            "Direction": 2,
            "StopSequence": 17,
            "BusStopCode": "15149",
            "Distance": 4.9,
            "WD_FirstBus": "0616",
            "WD_LastBus": "0013",
            "SAT_FirstBus": "0615",
            "SAT_LastBus": "0014",
            "SUN_FirstBus": "0629",
            "SUN_LastBus": "0012"
        },
        {
            "ServiceNo": "10",
            "Operator": "SBST",
            "Direction": 2,
            "StopSequence": 18,
            "BusStopCode": "14189",
            "Distance": 5.3,
            "WD_FirstBus": "0617",
            "WD_LastBus": "0014",
            "SAT_FirstBus": "0616",
            "SAT_LastBus": "0015",
            "SUN_FirstBus": "0630",
            "SUN_LastBus": "0013"
        },
        {
            "ServiceNo": "10",
            "Operator": "SBST",
            "Direction": 2,
            "StopSequence": 19,
            "BusStopCode": "14179",
            "Distance": 5.6,
            "WD_FirstBus": "0618",
            "WD_LastBus": "0015",
            "SAT_FirstBus": "0617",
            "SAT_LastBus": "0016",
            "SUN_FirstBus": "0631",
            "SUN_LastBus": "0014"
        },
        {
            "ServiceNo": "10",
            "Operator": "SBST",
            "Direction": 2,
            "StopSequence": 20,
            "BusStopCode": "14169",
            "Distance": 6,
            "WD_FirstBus": "0619",
            "WD_LastBus": "0016",
            "SAT_FirstBus": "0618",
            "SAT_LastBus": "0017",
            "SUN_FirstBus": "0632",
            "SUN_LastBus": "0015"
        },
        {
            "ServiceNo": "10",
            "Operator": "SBST",
            "Direction": 2,
            "StopSequence": 21,
            "BusStopCode": "14159",
            "Distance": 6.5,
            "WD_FirstBus": "0620",
            "WD_LastBus": "0017",
            "SAT_FirstBus": "0619",
            "SAT_LastBus": "0018",
            "SUN_FirstBus": "0633",
            "SUN_LastBus": "0016"
        },
        {
            "ServiceNo": "10",
            "Operator": "SBST",
            "Direction": 2,
            "StopSequence": 22,
            "BusStopCode": "14139",
            "Distance": 6.9,
            "WD_FirstBus": "0621",
            "WD_LastBus": "0018",
            "SAT_FirstBus": "0620",
            "SAT_LastBus": "0019",
            "SUN_FirstBus": "0634",
            "SUN_LastBus": "0017"
        },
        {
            "ServiceNo": "10",
            "Operator": "SBST",
            "Direction": 2,
            "StopSequence": 23,
            "BusStopCode": "14129",
            "Distance": 7.4,
            "WD_FirstBus": "0622",
            "WD_LastBus": "0019",
            "SAT_FirstBus": "0621",
            "SAT_LastBus": "0020",
            "SUN_FirstBus": "0635",
            "SUN_LastBus": "0018"
        },
        {
            "ServiceNo": "10",
            "Operator": "SBST",
            "Direction": 2,
            "StopSequence": 24,
            "BusStopCode": "14119",
            "Distance": 7.7,
            "WD_FirstBus": "0623",
            "WD_LastBus": "0020",
            "SAT_FirstBus": "0622",
            "SAT_LastBus": "0021",
            "SUN_FirstBus": "0636",
            "SUN_LastBus": "0019"
        },
        {
            "ServiceNo": "10",
            "Operator": "SBST",
            "Direction": 2,
            "StopSequence": 25,
            "BusStopCode": "14109",
            "Distance": 8.4,
            "WD_FirstBus": "0624",
            "WD_LastBus": "0021",
            "SAT_FirstBus": "0623",
            "SAT_LastBus": "0022",
            "SUN_FirstBus": "0637",
            "SUN_LastBus": "0020"
        },
        {
            "ServiceNo": "10",
            "Operator": "SBST",
            "Direction": 2,
            "StopSequence": 26,
            "BusStopCode": "14089",
            "Distance": 8.8,
            "WD_FirstBus": "0625",
            "WD_LastBus": "0022",
            "SAT_FirstBus": "0624",
            "SAT_LastBus": "0023",
            "SUN_FirstBus": "0638",
            "SUN_LastBus": "0021"
        },
        {
            "ServiceNo": "10",
            "Operator": "SBST",
            "Direction": 2,
            "StopSequence": 27,
            "BusStopCode": "14069",
            "Distance": 9.6,
            "WD_FirstBus": "0628",
            "WD_LastBus": "0024",
            "SAT_FirstBus": "0627",
            "SAT_LastBus": "0026",
            "SUN_FirstBus": "0640",
            "SUN_LastBus": "0024"
        },
        {
            "ServiceNo": "10",
            "Operator": "SBST",
            "Direction": 2,
            "StopSequence": 28,
            "BusStopCode": "05641",
            "Distance": 10.2,
            "WD_FirstBus": "0629",
            "WD_LastBus": "0025",
            "SAT_FirstBus": "0628",
            "SAT_LastBus": "0027",
            "SUN_FirstBus": "0641",
            "SUN_LastBus": "0025"
        },
        {
            "ServiceNo": "10",
            "Operator": "SBST",
            "Direction": 2,
            "StopSequence": 29,
            "BusStopCode": "03222",
            "Distance": 10.6,
            "WD_FirstBus": "0630",
            "WD_LastBus": "0027",
            "SAT_FirstBus": "0629",
            "SAT_LastBus": "0028",
            "SUN_FirstBus": "0642",
            "SUN_LastBus": "0026"
        },
        {
            "ServiceNo": "10",
            "Operator": "SBST",
            "Direction": 2,
            "StopSequence": 30,
            "BusStopCode": "03111",
            "Distance": 11.3,
            "WD_FirstBus": "0632",
            "WD_LastBus": "0029",
            "SAT_FirstBus": "0631",
            "SAT_LastBus": "0030",
            "SUN_FirstBus": "0644",
            "SUN_LastBus": "0028"
        },
        {
            "ServiceNo": "10",
            "Operator": "SBST",
            "Direction": 2,
            "StopSequence": 31,
            "BusStopCode": "03071",
            "Distance": 11.6,
            "WD_FirstBus": "0633",
            "WD_LastBus": "0031",
            "SAT_FirstBus": "0632",
            "SAT_LastBus": "0031",
            "SUN_FirstBus": "0645",
            "SUN_LastBus": "0029"
        },
        {
            "ServiceNo": "10",
            "Operator": "SBST",
            "Direction": 2,
            "StopSequence": 32,
            "BusStopCode": "03031",
            "Distance": 11.9,
            "WD_FirstBus": "0634",
            "WD_LastBus": "0032",
            "SAT_FirstBus": "0633",
            "SAT_LastBus": "0032",
            "SUN_FirstBus": "0646",
            "SUN_LastBus": "0030"
        },
        {
            "ServiceNo": "10",
            "Operator": "SBST",
            "Direction": 2,
            "StopSequence": 33,
            "BusStopCode": "03011",
            "Distance": 12.5,
            "WD_FirstBus": "0635",
            "WD_LastBus": "0034",
            "SAT_FirstBus": "0634",
            "SAT_LastBus": "0033",
            "SUN_FirstBus": "0648",
            "SUN_LastBus": "0031"
        },
        {
            "ServiceNo": "10",
            "Operator": "SBST",
            "Direction": 2,
            "StopSequence": 34,
            "BusStopCode": "02111",
            "Distance": 13.1,
            "WD_FirstBus": "0637",
            "WD_LastBus": "0035",
            "SAT_FirstBus": "0636",
            "SAT_LastBus": "0035",
            "SUN_FirstBus": "0649",
            "SUN_LastBus": "0032"
        },
        {
            "ServiceNo": "10",
            "Operator": "SBST",
            "Direction": 2,
            "StopSequence": 35,
            "BusStopCode": "80151",
            "Distance": 13.8,
            "WD_FirstBus": "0639",
            "WD_LastBus": "0037",
            "SAT_FirstBus": "0638",
            "SAT_LastBus": "0037",
            "SUN_FirstBus": "0650",
            "SUN_LastBus": "0034"
        },
        {
            "ServiceNo": "10",
            "Operator": "SBST",
            "Direction": 2,
            "StopSequence": 36,
            "BusStopCode": "80161",
            "Distance": 14.5,
            "WD_FirstBus": "0640",
            "WD_LastBus": "0038",
            "SAT_FirstBus": "0639",
            "SAT_LastBus": "0038",
            "SUN_FirstBus": "0652",
            "SUN_LastBus": "0035"
        },
        {
            "ServiceNo": "10",
            "Operator": "SBST",
            "Direction": 2,
            "StopSequence": 37,
            "BusStopCode": "80211",
            "Distance": 16.1,
            "WD_FirstBus": "0644",
            "WD_LastBus": "0042",
            "SAT_FirstBus": "0643",
            "SAT_LastBus": "0042",
            "SUN_FirstBus": "0655",
            "SUN_LastBus": "0039"
        },
        {
            "ServiceNo": "10",
            "Operator": "SBST",
            "Direction": 2,
            "StopSequence": 38,
            "BusStopCode": "80149",
            "Distance": 16.7,
            "WD_FirstBus": "0615",
            "WD_LastBus": "0043",
            "SAT_FirstBus": "0644",
            "SAT_LastBus": "0043",
            "SUN_FirstBus": "0656",
            "SUN_LastBus": "0040"
        },
        {
            "ServiceNo": "10",
            "Operator": "SBST",
            "Direction": 2,
            "StopSequence": 39,
            "BusStopCode": "81171",
            "Distance": 17.3,
            "WD_FirstBus": "0617",
            "WD_LastBus": "0044",
            "SAT_FirstBus": "0646",
            "SAT_LastBus": "0045",
            "SUN_FirstBus": "0658",
            "SUN_LastBus": "0042"
        },
        {
            "ServiceNo": "10",
            "Operator": "SBST",
            "Direction": 2,
            "StopSequence": 40,
            "BusStopCode": "81181",
            "Distance": 17.8,
            "WD_FirstBus": "0619",
            "WD_LastBus": "0045",
            "SAT_FirstBus": "0647",
            "SAT_LastBus": "0046",
            "SUN_FirstBus": "0659",
            "SUN_LastBus": "0043"
        },
        {
            "ServiceNo": "10",
            "Operator": "SBST",
            "Direction": 2,
            "StopSequence": 41,
            "BusStopCode": "81191",
            "Distance": 18.2,
            "WD_FirstBus": "0620",
            "WD_LastBus": "0046",
            "SAT_FirstBus": "0648",
            "SAT_LastBus": "0047",
            "SUN_FirstBus": "0700",
            "SUN_LastBus": "0044"
        },
        {
            "ServiceNo": "10",
            "Operator": "SBST",
            "Direction": 2,
            "StopSequence": 42,
            "BusStopCode": "82079",
            "Distance": 18.7,
            "WD_FirstBus": "0622",
            "WD_LastBus": "0048",
            "SAT_FirstBus": "0649",
            "SAT_LastBus": "0048",
            "SUN_FirstBus": "0702",
            "SUN_LastBus": "0045"
        },
        {
            "ServiceNo": "10",
            "Operator": "SBST",
            "Direction": 2,
            "StopSequence": 43,
            "BusStopCode": "92169",
            "Distance": 19.2,
            "WD_FirstBus": "0624",
            "WD_LastBus": "0050",
            "SAT_FirstBus": "0651",
            "SAT_LastBus": "0049",
            "SUN_FirstBus": "0704",
            "SUN_LastBus": "0046"
        },
        {
            "ServiceNo": "10",
            "Operator": "SBST",
            "Direction": 2,
            "StopSequence": 44,
            "BusStopCode": "92091",
            "Distance": 19.7,
            "WD_FirstBus": "0625",
            "WD_LastBus": "0051",
            "SAT_FirstBus": "0652",
            "SAT_LastBus": "0050",
            "SUN_FirstBus": "0705",
            "SUN_LastBus": "0047"
        },
        {
            "ServiceNo": "10",
            "Operator": "SBST",
            "Direction": 2,
            "StopSequence": 45,
            "BusStopCode": "92101",
            "Distance": 20,
            "WD_FirstBus": "0627",
            "WD_LastBus": "0052",
            "SAT_FirstBus": "0653",
            "SAT_LastBus": "0051",
            "SUN_FirstBus": "0706",
            "SUN_LastBus": "0048"
        },
        {
            "ServiceNo": "10",
            "Operator": "SBST",
            "Direction": 2,
            "StopSequence": 46,
            "BusStopCode": "92111",
            "Distance": 20.2,
            "WD_FirstBus": "0628",
            "WD_LastBus": "0052",
            "SAT_FirstBus": "0654",
            "SAT_LastBus": "0051",
            "SUN_FirstBus": "0707",
            "SUN_LastBus": "0048"
        },
        {
            "ServiceNo": "10",
            "Operator": "SBST",
            "Direction": 2,
            "StopSequence": 47,
            "BusStopCode": "92121",
            "Distance": 20.7,
            "WD_FirstBus": "0629",
            "WD_LastBus": "0054",
            "SAT_FirstBus": "0655",
            "SAT_LastBus": "0053",
            "SUN_FirstBus": "0708",
            "SUN_LastBus": "0050"
        },
        {
            "ServiceNo": "10",
            "Operator": "SBST",
            "Direction": 2,
            "StopSequence": 48,
            "BusStopCode": "92131",
            "Distance": 21.2,
            "WD_FirstBus": "0631",
            "WD_LastBus": "0055",
            "SAT_FirstBus": "0657",
            "SAT_LastBus": "0054",
            "SUN_FirstBus": "0709",
            "SUN_LastBus": "0051"
        },
        {
            "ServiceNo": "10",
            "Operator": "SBST",
            "Direction": 2,
            "StopSequence": 49,
            "BusStopCode": "92141",
            "Distance": 21.6,
            "WD_FirstBus": "0632",
            "WD_LastBus": "0056",
            "SAT_FirstBus": "0658",
            "SAT_LastBus": "0055",
            "SUN_FirstBus": "0710",
            "SUN_LastBus": "0052"
        },
        {
            "ServiceNo": "10",
            "Operator": "SBST",
            "Direction": 2,
            "StopSequence": 50,
            "BusStopCode": "92151",
            "Distance": 21.8,
            "WD_FirstBus": "0633",
            "WD_LastBus": "0056",
            "SAT_FirstBus": "0659",
            "SAT_LastBus": "0055",
            "SUN_FirstBus": "0711",
            "SUN_LastBus": "0052"
        },
        {
            "ServiceNo": "10",
            "Operator": "SBST",
            "Direction": 2,
            "StopSequence": 51,
            "BusStopCode": "93051",
            "Distance": 22.1,
            "WD_FirstBus": "0634",
            "WD_LastBus": "0057",
            "SAT_FirstBus": "0700",
            "SAT_LastBus": "0056",
            "SUN_FirstBus": "0712",
            "SUN_LastBus": "0053"
        },
        {
            "ServiceNo": "10",
            "Operator": "SBST",
            "Direction": 2,
            "StopSequence": 52,
            "BusStopCode": "93061",
            "Distance": 22.5,
            "WD_FirstBus": "0636",
            "WD_LastBus": "0058",
            "SAT_FirstBus": "0701",
            "SAT_LastBus": "0057",
            "SUN_FirstBus": "0713",
            "SUN_LastBus": "0054"
        },
        {
            "ServiceNo": "10",
            "Operator": "SBST",
            "Direction": 2,
            "StopSequence": 53,
            "BusStopCode": "93071",
            "Distance": 22.9,
            "WD_FirstBus": "0637",
            "WD_LastBus": "0059",
            "SAT_FirstBus": "0702",
            "SAT_LastBus": "0058",
            "SUN_FirstBus": "0714",
            "SUN_LastBus": "0055"
        },
        {
            "ServiceNo": "10",
            "Operator": "SBST",
            "Direction": 2,
            "StopSequence": 54,
            "BusStopCode": "93081",
            "Distance": 23.3,
            "WD_FirstBus": "0639",
            "WD_LastBus": "0100",
            "SAT_FirstBus": "0704",
            "SAT_LastBus": "0059",
            "SUN_FirstBus": "0715",
            "SUN_LastBus": "0056"
        },
        {
            "ServiceNo": "10",
            "Operator": "SBST",
            "Direction": 2,
            "StopSequence": 55,
            "BusStopCode": "93091",
            "Distance": 23.6,
            "WD_FirstBus": "0640",
            "WD_LastBus": "0101",
            "SAT_FirstBus": "0705",
            "SAT_LastBus": "0100",
            "SUN_FirstBus": "0716",
            "SUN_LastBus": "0056"
        },
        {
            "ServiceNo": "10",
            "Operator": "SBST",
            "Direction": 2,
            "StopSequence": 56,
            "BusStopCode": "94011",
            "Distance": 24,
            "WD_FirstBus": "0641",
            "WD_LastBus": "0101",
            "SAT_FirstBus": "0706",
            "SAT_LastBus": "0100",
            "SUN_FirstBus": "0716",
            "SUN_LastBus": "0057"
        },
        {
            "ServiceNo": "10",
            "Operator": "SBST",
            "Direction": 2,
            "StopSequence": 57,
            "BusStopCode": "94021",
            "Distance": 24.4,
            "WD_FirstBus": "0642",
            "WD_LastBus": "0102",
            "SAT_FirstBus": "0707",
            "SAT_LastBus": "0101",
            "SUN_FirstBus": "0717",
            "SUN_LastBus": "0057"
        },
        {
            "ServiceNo": "10",
            "Operator": "SBST",
            "Direction": 2,
            "StopSequence": 58,
            "BusStopCode": "94031",
            "Distance": 24.7,
            "WD_FirstBus": "0643",
            "WD_LastBus": "0103",
            "SAT_FirstBus": "0708",
            "SAT_LastBus": "0102",
            "SUN_FirstBus": "0718",
            "SUN_LastBus": "0058"
        },
        {
            "ServiceNo": "10",
            "Operator": "SBST",
            "Direction": 2,
            "StopSequence": 59,
            "BusStopCode": "94041",
            "Distance": 25.1,
            "WD_FirstBus": "0644",
            "WD_LastBus": "0103",
            "SAT_FirstBus": "0709",
            "SAT_LastBus": "0103",
            "SUN_FirstBus": "0719",
            "SUN_LastBus": "0059"
        },
        {
            "ServiceNo": "10",
            "Operator": "SBST",
            "Direction": 2,
            "StopSequence": 60,
            "BusStopCode": "94051",
            "Distance": 25.5,
            "WD_FirstBus": "0645",
            "WD_LastBus": "0104",
            "SAT_FirstBus": "0710",
            "SAT_LastBus": "0104",
            "SUN_FirstBus": "0720",
            "SUN_LastBus": "0100"
        },
        {
            "ServiceNo": "10",
            "Operator": "SBST",
            "Direction": 2,
            "StopSequence": 61,
            "BusStopCode": "94061",
            "Distance": 26,
            "WD_FirstBus": "0647",
            "WD_LastBus": "0104",
            "SAT_FirstBus": "0712",
            "SAT_LastBus": "0105",
            "SUN_FirstBus": "0721",
            "SUN_LastBus": "0100"
        },
        {
            "ServiceNo": "10",
            "Operator": "SBST",
            "Direction": 2,
            "StopSequence": 62,
            "BusStopCode": "94071",
            "Distance": 26.5,
            "WD_FirstBus": "0648",
            "WD_LastBus": "0105",
            "SAT_FirstBus": "0713",
            "SAT_LastBus": "0106",
            "SUN_FirstBus": "0722",
            "SUN_LastBus": "0101"
        },
        {
            "ServiceNo": "10",
            "Operator": "SBST",
            "Direction": 2,
            "StopSequence": 63,
            "BusStopCode": "85021",
            "Distance": 26.9,
            "WD_FirstBus": "0649",
            "WD_LastBus": "0105",
            "SAT_FirstBus": "0714",
            "SAT_LastBus": "0107",
            "SUN_FirstBus": "0723",
            "SUN_LastBus": "0102"
        },
        {
            "ServiceNo": "10",
            "Operator": "SBST",
            "Direction": 2,
            "StopSequence": 64,
            "BusStopCode": "85031",
            "Distance": 27.3,
            "WD_FirstBus": "0651",
            "WD_LastBus": "0106",
            "SAT_FirstBus": "0715",
            "SAT_LastBus": "0108",
            "SUN_FirstBus": "0724",
            "SUN_LastBus": "0103"
        },
        {
            "ServiceNo": "10",
            "Operator": "SBST",
            "Direction": 2,
            "StopSequence": 65,
            "BusStopCode": "85041",
            "Distance": 27.5,
            "WD_FirstBus": "0652",
            "WD_LastBus": "0107",
            "SAT_FirstBus": "0716",
            "SAT_LastBus": "0108",
            "SUN_FirstBus": "0725",
            "SUN_LastBus": "0104"
        },
        {
            "ServiceNo": "10",
            "Operator": "SBST",
            "Direction": 2,
            "StopSequence": 66,
            "BusStopCode": "85051",
            "Distance": 27.9,
            "WD_FirstBus": "0654",
            "WD_LastBus": "0108",
            "SAT_FirstBus": "0717",
            "SAT_LastBus": "0109",
            "SUN_FirstBus": "0726",
            "SUN_LastBus": "0105"
        },
        {
            "ServiceNo": "10",
            "Operator": "SBST",
            "Direction": 2,
            "StopSequence": 67,
            "BusStopCode": "85061",
            "Distance": 28.2,
            "WD_FirstBus": "0654",
            "WD_LastBus": "0109",
            "SAT_FirstBus": "0718",
            "SAT_LastBus": "0110",
            "SUN_FirstBus": "0727",
            "SUN_LastBus": "0106"
        },
        {
            "ServiceNo": "10",
            "Operator": "SBST",
            "Direction": 2,
            "StopSequence": 68,
            "BusStopCode": "85081",
            "Distance": 28.4,
            "WD_FirstBus": "0655",
            "WD_LastBus": "0110",
            "SAT_FirstBus": "0719",
            "SAT_LastBus": "0111",
            "SUN_FirstBus": "0728",
            "SUN_LastBus": "0106"
        },
        {
            "ServiceNo": "10",
            "Operator": "SBST",
            "Direction": 2,
            "StopSequence": 69,
            "BusStopCode": "85071",
            "Distance": 28.7,
            "WD_FirstBus": "0656",
            "WD_LastBus": "0111",
            "SAT_FirstBus": "0720",
            "SAT_LastBus": "0112",
            "SUN_FirstBus": "0729",
            "SUN_LastBus": "0107"
        },
        {
            "ServiceNo": "10",
            "Operator": "SBST",
            "Direction": 2,
            "StopSequence": 70,
            "BusStopCode": "96101",
            "Distance": 29.1,
            "WD_FirstBus": "0658",
            "WD_LastBus": "0112",
            "SAT_FirstBus": "0721",
            "SAT_LastBus": "0113",
            "SUN_FirstBus": "0730",
            "SUN_LastBus": "0108"
        },
        {
            "ServiceNo": "10",
            "Operator": "SBST",
            "Direction": 2,
            "StopSequence": 71,
            "BusStopCode": "96281",
            "Distance": 29.5,
            "WD_FirstBus": "0659",
            "WD_LastBus": "0113",
            "SAT_FirstBus": "0722",
            "SAT_LastBus": "0114",
            "SUN_FirstBus": "0732",
            "SUN_LastBus": "0109"
        },
        {
            "ServiceNo": "10",
            "Operator": "SBST",
            "Direction": 2,
            "StopSequence": 72,
            "BusStopCode": "76061",
            "Distance": 30.8,
            "WD_FirstBus": "0705",
            "WD_LastBus": "0117",
            "SAT_FirstBus": "0726",
            "SAT_LastBus": "0117",
            "SUN_FirstBus": "0736",
            "SUN_LastBus": "0113"
        },
        {
            "ServiceNo": "10",
            "Operator": "SBST",
            "Direction": 2,
            "StopSequence": 73,
            "BusStopCode": "76051",
            "Distance": 31.3,
            "WD_FirstBus": "0707",
            "WD_LastBus": "0118",
            "SAT_FirstBus": "0728",
            "SAT_LastBus": "0119",
            "SUN_FirstBus": "0737",
            "SUN_LastBus": "0114"
        },
        {
            "ServiceNo": "10",
            "Operator": "SBST",
            "Direction": 2,
            "StopSequence": 74,
            "BusStopCode": "75009",
            "Distance": 31.9,
            "WD_FirstBus": "0707",
            "WD_LastBus": "0120",
            "SAT_FirstBus": "0730",
            "SAT_LastBus": "0120",
            "SUN_FirstBus": "0739",
            "SUN_LastBus": "0116"
        }
    ]
}