{
    "odata.metadata": "http://datamall2.mytransport.sg/ltaodataservice/$metadata#BusArrivalv2/@Element",
    "BusStopCode": "20251",
    "Services": [
        {
            "ServiceNo": "176",
            "Operator": "SMRT",
            "NextBus": {
                "OriginCode": "10009",
                "DestinationCode": "45009",
                "EstimatedArrival": "2020-02-12T14:09:11+08:00",
                "Latitude": "1.301219",
                "Longitude": "103.762202",
                "VisitNumber": "1",
                "Load": "SEA",
                "Feature": "WAB",
                "Type": "DD"
            },
            "NextBus2": {
                "OriginCode": "10009",
                "DestinationCode": "45009",
                "EstimatedArrival": "2020-02-12T14:21:19+08:00",
                "Latitude": "1.2731256666666666",
                "Longitude": "103.800273",
                "VisitNumber": "1",
                "Load": "SEA",
                "Feature": "WAB",
                "Type": "DD"
            },
            "NextBus3": {
                "OriginCode": "10009",
                "DestinationCode": "45009",
                "EstimatedArrival": "2020-02-12T14:44:30+08:00",
                "Latitude": "0",
                "Longitude": "0",
                "VisitNumber": "1",
                "Load": "SEA",
                "Feature": "WAB",
                "Type": "DD"
            }
        },
        {
            "ServiceNo": "78",
            "Operator": "TTS",
            "NextBus": {
                "OriginCode": "28009",
                "DestinationCode": "28009",
                "EstimatedArrival": "2020-02-12T14:09:09+08:00",
                "Latitude": "1.3069268333333333",
                "Longitude": "103.73333",
                "VisitNumber": "1",
                "Load": "SEA",
                "Feature": "WAB",
                "Type": "DD"
            },
            "NextBus2": {
                "OriginCode": "28009",
                "DestinationCode": "28009",
                "EstimatedArrival": "2020-02-12T14:26:17+08:00",
                "Latitude": "1.3086495",
                "Longitude": "103.76608433333334",
                "VisitNumber": "1",
                "Load": "SEA",
                "Feature": "WAB",
                "Type": "DD"
            },
            "NextBus3": {
                "OriginCode": "28009",
                "DestinationCode": "28009",
                "EstimatedArrival": "2020-02-12T14:36:38+08:00",
                "Latitude": "1.3126545",
                "Longitude": "103.7666475",
                "VisitNumber": "1",
                "Load": "SEA",
                "Feature": "WAB",
                "Type": "DD"
            }
        }
    ]
}